/*
SQLyog Ultimate v12.09 (64 bit)
MySQL - 5.5.61 : Database - ruoyi
*********************************************************************
*/

/*!40101 SET NAMES utf8 */;

/*!40101 SET SQL_MODE=''*/;

/*!40014 SET @OLD_UNIQUE_CHECKS=@@UNIQUE_CHECKS, UNIQUE_CHECKS=0 */;
/*!40014 SET @OLD_FOREIGN_KEY_CHECKS=@@FOREIGN_KEY_CHECKS, FOREIGN_KEY_CHECKS=0 */;
/*!40101 SET @OLD_SQL_MODE=@@SQL_MODE, SQL_MODE='NO_AUTO_VALUE_ON_ZERO' */;
/*!40111 SET @OLD_SQL_NOTES=@@SQL_NOTES, SQL_NOTES=0 */;
CREATE DATABASE /*!32312 IF NOT EXISTS*/`ruoyi` /*!40100 DEFAULT CHARACTER SET utf8 */;

USE `ruoyi`;

/*Table structure for table `qrtz_blob_triggers` */

DROP TABLE IF EXISTS `qrtz_blob_triggers`;

CREATE TABLE `qrtz_blob_triggers` (
  `sched_name` varchar(120) NOT NULL,
  `trigger_name` varchar(200) NOT NULL,
  `trigger_group` varchar(200) NOT NULL,
  `blob_data` blob,
  PRIMARY KEY (`sched_name`,`trigger_name`,`trigger_group`) USING BTREE,
  CONSTRAINT `qrtz_blob_triggers_ibfk_1` FOREIGN KEY (`sched_name`, `trigger_name`, `trigger_group`) REFERENCES `qrtz_triggers` (`sched_name`, `trigger_name`, `trigger_group`)
) ENGINE=InnoDB DEFAULT CHARSET=utf8 ROW_FORMAT=COMPACT;

/*Data for the table `qrtz_blob_triggers` */

/*Table structure for table `qrtz_calendars` */

DROP TABLE IF EXISTS `qrtz_calendars`;

CREATE TABLE `qrtz_calendars` (
  `sched_name` varchar(120) NOT NULL,
  `calendar_name` varchar(200) NOT NULL,
  `calendar` blob NOT NULL,
  PRIMARY KEY (`sched_name`,`calendar_name`) USING BTREE
) ENGINE=InnoDB DEFAULT CHARSET=utf8 ROW_FORMAT=COMPACT;

/*Data for the table `qrtz_calendars` */

/*Table structure for table `qrtz_cron_triggers` */

DROP TABLE IF EXISTS `qrtz_cron_triggers`;

CREATE TABLE `qrtz_cron_triggers` (
  `sched_name` varchar(120) NOT NULL,
  `trigger_name` varchar(200) NOT NULL,
  `trigger_group` varchar(200) NOT NULL,
  `cron_expression` varchar(200) NOT NULL,
  `time_zone_id` varchar(80) DEFAULT NULL,
  PRIMARY KEY (`sched_name`,`trigger_name`,`trigger_group`) USING BTREE,
  CONSTRAINT `qrtz_cron_triggers_ibfk_1` FOREIGN KEY (`sched_name`, `trigger_name`, `trigger_group`) REFERENCES `qrtz_triggers` (`sched_name`, `trigger_name`, `trigger_group`)
) ENGINE=InnoDB DEFAULT CHARSET=utf8 ROW_FORMAT=COMPACT;

/*Data for the table `qrtz_cron_triggers` */

insert  into `qrtz_cron_triggers`(`sched_name`,`trigger_name`,`trigger_group`,`cron_expression`,`time_zone_id`) values ('RuoyiScheduler','TASK_CLASS_NAME1','DEFAULT','0/10 * * * * ?','Asia/Shanghai'),('RuoyiScheduler','TASK_CLASS_NAME2','DEFAULT','0/20 * * * * ?','Asia/Shanghai'),('RuoyiScheduler','TASK_CLASS_NAME3','DEFAULT','0 0 2 * * ? ','Asia/Shanghai');

/*Table structure for table `qrtz_fired_triggers` */

DROP TABLE IF EXISTS `qrtz_fired_triggers`;

CREATE TABLE `qrtz_fired_triggers` (
  `sched_name` varchar(120) NOT NULL,
  `entry_id` varchar(95) NOT NULL,
  `trigger_name` varchar(200) NOT NULL,
  `trigger_group` varchar(200) NOT NULL,
  `instance_name` varchar(200) NOT NULL,
  `fired_time` bigint(13) NOT NULL,
  `sched_time` bigint(13) NOT NULL,
  `priority` int(11) NOT NULL,
  `state` varchar(16) NOT NULL,
  `job_name` varchar(200) DEFAULT NULL,
  `job_group` varchar(200) DEFAULT NULL,
  `is_nonconcurrent` varchar(1) DEFAULT NULL,
  `requests_recovery` varchar(1) DEFAULT NULL,
  PRIMARY KEY (`sched_name`,`entry_id`) USING BTREE
) ENGINE=InnoDB DEFAULT CHARSET=utf8 ROW_FORMAT=COMPACT;

/*Data for the table `qrtz_fired_triggers` */

/*Table structure for table `qrtz_job_details` */

DROP TABLE IF EXISTS `qrtz_job_details`;

CREATE TABLE `qrtz_job_details` (
  `sched_name` varchar(120) NOT NULL,
  `job_name` varchar(200) NOT NULL,
  `job_group` varchar(200) NOT NULL,
  `description` varchar(250) DEFAULT NULL,
  `job_class_name` varchar(250) NOT NULL,
  `is_durable` varchar(1) NOT NULL,
  `is_nonconcurrent` varchar(1) NOT NULL,
  `is_update_data` varchar(1) NOT NULL,
  `requests_recovery` varchar(1) NOT NULL,
  `job_data` blob,
  PRIMARY KEY (`sched_name`,`job_name`,`job_group`) USING BTREE
) ENGINE=InnoDB DEFAULT CHARSET=utf8 ROW_FORMAT=COMPACT;

/*Data for the table `qrtz_job_details` */

insert  into `qrtz_job_details`(`sched_name`,`job_name`,`job_group`,`description`,`job_class_name`,`is_durable`,`is_nonconcurrent`,`is_update_data`,`requests_recovery`,`job_data`) values ('RuoyiScheduler','TASK_CLASS_NAME1','DEFAULT',NULL,'com.ruoyi.project.monitor.job.util.QuartzDisallowConcurrentExecution','0','1','0','0','¬í\0sr\0org.quartz.JobDataMapŸ°ƒè¿©°Ë\0\0xr\0&org.quartz.utils.StringKeyDirtyFlagMap‚èÃûÅ](\0Z\0allowsTransientDataxr\0org.quartz.utils.DirtyFlagMapæ.­(v\nÎ\0Z\0dirtyL\0mapt\0Ljava/util/Map;xpsr\0java.util.HashMapÚÁÃ`Ñ\0F\0\nloadFactorI\0	thresholdxp?@\0\0\0\0\0w\0\0\0\0\0\0t\0TASK_PROPERTIESsr\0(com.ruoyi.project.monitor.job.domain.Job\0\0\0\0\0\0\0\0	L\0\nconcurrentt\0Ljava/lang/String;L\0cronExpressionq\0~\0	L\0jobGroupq\0~\0	L\0jobIdt\0Ljava/lang/Long;L\0jobNameq\0~\0	L\0\nmethodNameq\0~\0	L\0methodParamsq\0~\0	L\0\rmisfirePolicyq\0~\0	L\0statusq\0~\0	xr\0)com.ruoyi.framework.web.domain.BaseEntity\0\0\0\0\0\0\0\0L\0createByq\0~\0	L\0\ncreateTimet\0Ljava/util/Date;L\0paramsq\0~\0L\0remarkq\0~\0	L\0searchValueq\0~\0	L\0updateByq\0~\0	L\0\nupdateTimeq\0~\0xpt\0syssr\0java.util.DatehjKYt\0\0xpw\0\0lkLØxpt\0\0pppt\01t\00/10 * * * * ?t\0ç³»ç»Ÿé»˜è®¤ï¼ˆæ— å‚ï¼‰sr\0java.lang.Long;‹äÌ#ß\0J\0valuexr\0java.lang.Number†¬•”à‹\0\0xp\0\0\0\0\0\0\0t\0ryTaskt\0\nryNoParamst\0\0t\03t\01x\0'),('RuoyiScheduler','TASK_CLASS_NAME2','DEFAULT',NULL,'com.ruoyi.project.monitor.job.util.QuartzDisallowConcurrentExecution','0','1','0','0','¬í\0sr\0org.quartz.JobDataMapŸ°ƒè¿©°Ë\0\0xr\0&org.quartz.utils.StringKeyDirtyFlagMap‚èÃûÅ](\0Z\0allowsTransientDataxr\0org.quartz.utils.DirtyFlagMapæ.­(v\nÎ\0Z\0dirtyL\0mapt\0Ljava/util/Map;xpsr\0java.util.HashMapÚÁÃ`Ñ\0F\0\nloadFactorI\0	thresholdxp?@\0\0\0\0\0w\0\0\0\0\0\0t\0TASK_PROPERTIESsr\0(com.ruoyi.project.monitor.job.domain.Job\0\0\0\0\0\0\0\0	L\0\nconcurrentt\0Ljava/lang/String;L\0cronExpressionq\0~\0	L\0jobGroupq\0~\0	L\0jobIdt\0Ljava/lang/Long;L\0jobNameq\0~\0	L\0\nmethodNameq\0~\0	L\0methodParamsq\0~\0	L\0\rmisfirePolicyq\0~\0	L\0statusq\0~\0	xr\0)com.ruoyi.framework.web.domain.BaseEntity\0\0\0\0\0\0\0\0L\0createByq\0~\0	L\0\ncreateTimet\0Ljava/util/Date;L\0paramsq\0~\0L\0remarkq\0~\0	L\0searchValueq\0~\0	L\0updateByq\0~\0	L\0\nupdateTimeq\0~\0xpt\0syssr\0java.util.DatehjKYt\0\0xpw\0\0lkLØxpt\0\0pppt\01t\00/20 * * * * ?t\0ç³»ç»Ÿé»˜è®¤ï¼ˆæœ‰å‚ï¼‰sr\0java.lang.Long;‹äÌ#ß\0J\0valuexr\0java.lang.Number†¬•”à‹\0\0xp\0\0\0\0\0\0\0t\0ryTaskt\0ryParamst\0ryt\03t\01x\0'),('RuoyiScheduler','TASK_CLASS_NAME3','DEFAULT',NULL,'com.ruoyi.project.monitor.job.util.QuartzDisallowConcurrentExecution','0','1','0','0','¬í\0sr\0org.quartz.JobDataMapŸ°ƒè¿©°Ë\0\0xr\0&org.quartz.utils.StringKeyDirtyFlagMap‚èÃûÅ](\0Z\0allowsTransientDataxr\0org.quartz.utils.DirtyFlagMapæ.­(v\nÎ\0Z\0dirtyL\0mapt\0Ljava/util/Map;xpsr\0java.util.HashMapÚÁÃ`Ñ\0F\0\nloadFactorI\0	thresholdxp?@\0\0\0\0\0w\0\0\0\0\0\0t\0TASK_PROPERTIESsr\0(com.ruoyi.project.monitor.job.domain.Job\0\0\0\0\0\0\0\0	L\0\nconcurrentt\0Ljava/lang/String;L\0cronExpressionq\0~\0	L\0jobGroupq\0~\0	L\0jobIdt\0Ljava/lang/Long;L\0jobNameq\0~\0	L\0\nmethodNameq\0~\0	L\0methodParamsq\0~\0	L\0\rmisfirePolicyq\0~\0	L\0statusq\0~\0	xr\0)com.ruoyi.framework.web.domain.BaseEntity\0\0\0\0\0\0\0\0L\0createByq\0~\0	L\0\ncreateTimet\0Ljava/util/Date;L\0paramsq\0~\0L\0remarkq\0~\0	L\0searchValueq\0~\0	L\0updateByq\0~\0	L\0\nupdateTimeq\0~\0xpt\0syssr\0java.util.DatehjKYt\0\0xpw\0\0lkLØxpt\0\0pppt\01t\00 0 2 * * ? t\0è®¾å¤‡è¿‡æœŸsr\0java.lang.Long;‹äÌ#ß\0J\0valuexr\0java.lang.Number†¬•”à‹\0\0xp\0\0\0\0\0\0\0t\0	equipTaskt\0\nryNoParamst\0\0t\03t\01x\0');

/*Table structure for table `qrtz_locks` */

DROP TABLE IF EXISTS `qrtz_locks`;

CREATE TABLE `qrtz_locks` (
  `sched_name` varchar(120) NOT NULL,
  `lock_name` varchar(40) NOT NULL,
  PRIMARY KEY (`sched_name`,`lock_name`) USING BTREE
) ENGINE=InnoDB DEFAULT CHARSET=utf8 ROW_FORMAT=COMPACT;

/*Data for the table `qrtz_locks` */

insert  into `qrtz_locks`(`sched_name`,`lock_name`) values ('RuoyiScheduler','STATE_ACCESS'),('RuoyiScheduler','TRIGGER_ACCESS');

/*Table structure for table `qrtz_paused_trigger_grps` */

DROP TABLE IF EXISTS `qrtz_paused_trigger_grps`;

CREATE TABLE `qrtz_paused_trigger_grps` (
  `sched_name` varchar(120) NOT NULL,
  `trigger_group` varchar(200) NOT NULL,
  PRIMARY KEY (`sched_name`,`trigger_group`) USING BTREE
) ENGINE=InnoDB DEFAULT CHARSET=utf8 ROW_FORMAT=COMPACT;

/*Data for the table `qrtz_paused_trigger_grps` */

/*Table structure for table `qrtz_scheduler_state` */

DROP TABLE IF EXISTS `qrtz_scheduler_state`;

CREATE TABLE `qrtz_scheduler_state` (
  `sched_name` varchar(120) NOT NULL,
  `instance_name` varchar(200) NOT NULL,
  `last_checkin_time` bigint(13) NOT NULL,
  `checkin_interval` bigint(13) NOT NULL,
  PRIMARY KEY (`sched_name`,`instance_name`) USING BTREE
) ENGINE=InnoDB DEFAULT CHARSET=utf8 ROW_FORMAT=COMPACT;

/*Data for the table `qrtz_scheduler_state` */

insert  into `qrtz_scheduler_state`(`sched_name`,`instance_name`,`last_checkin_time`,`checkin_interval`) values ('RuoyiScheduler','YJ-PC1636961782407',1636962057278,15000);

/*Table structure for table `qrtz_simple_triggers` */

DROP TABLE IF EXISTS `qrtz_simple_triggers`;

CREATE TABLE `qrtz_simple_triggers` (
  `sched_name` varchar(120) NOT NULL,
  `trigger_name` varchar(200) NOT NULL,
  `trigger_group` varchar(200) NOT NULL,
  `repeat_count` bigint(7) NOT NULL,
  `repeat_interval` bigint(12) NOT NULL,
  `times_triggered` bigint(10) NOT NULL,
  PRIMARY KEY (`sched_name`,`trigger_name`,`trigger_group`) USING BTREE,
  CONSTRAINT `qrtz_simple_triggers_ibfk_1` FOREIGN KEY (`sched_name`, `trigger_name`, `trigger_group`) REFERENCES `qrtz_triggers` (`sched_name`, `trigger_name`, `trigger_group`)
) ENGINE=InnoDB DEFAULT CHARSET=utf8 ROW_FORMAT=COMPACT;

/*Data for the table `qrtz_simple_triggers` */

/*Table structure for table `qrtz_simprop_triggers` */

DROP TABLE IF EXISTS `qrtz_simprop_triggers`;

CREATE TABLE `qrtz_simprop_triggers` (
  `sched_name` varchar(120) NOT NULL,
  `trigger_name` varchar(200) NOT NULL,
  `trigger_group` varchar(200) NOT NULL,
  `str_prop_1` varchar(512) DEFAULT NULL,
  `str_prop_2` varchar(512) DEFAULT NULL,
  `str_prop_3` varchar(512) DEFAULT NULL,
  `int_prop_1` int(11) DEFAULT NULL,
  `int_prop_2` int(11) DEFAULT NULL,
  `long_prop_1` bigint(20) DEFAULT NULL,
  `long_prop_2` bigint(20) DEFAULT NULL,
  `dec_prop_1` decimal(13,4) DEFAULT NULL,
  `dec_prop_2` decimal(13,4) DEFAULT NULL,
  `bool_prop_1` varchar(1) DEFAULT NULL,
  `bool_prop_2` varchar(1) DEFAULT NULL,
  PRIMARY KEY (`sched_name`,`trigger_name`,`trigger_group`) USING BTREE,
  CONSTRAINT `qrtz_simprop_triggers_ibfk_1` FOREIGN KEY (`sched_name`, `trigger_name`, `trigger_group`) REFERENCES `qrtz_triggers` (`sched_name`, `trigger_name`, `trigger_group`)
) ENGINE=InnoDB DEFAULT CHARSET=utf8 ROW_FORMAT=COMPACT;

/*Data for the table `qrtz_simprop_triggers` */

/*Table structure for table `qrtz_triggers` */

DROP TABLE IF EXISTS `qrtz_triggers`;

CREATE TABLE `qrtz_triggers` (
  `sched_name` varchar(120) NOT NULL,
  `trigger_name` varchar(200) NOT NULL,
  `trigger_group` varchar(200) NOT NULL,
  `job_name` varchar(200) NOT NULL,
  `job_group` varchar(200) NOT NULL,
  `description` varchar(250) DEFAULT NULL,
  `next_fire_time` bigint(13) DEFAULT NULL,
  `prev_fire_time` bigint(13) DEFAULT NULL,
  `priority` int(11) DEFAULT NULL,
  `trigger_state` varchar(16) NOT NULL,
  `trigger_type` varchar(8) NOT NULL,
  `start_time` bigint(13) NOT NULL,
  `end_time` bigint(13) DEFAULT NULL,
  `calendar_name` varchar(200) DEFAULT NULL,
  `misfire_instr` smallint(2) DEFAULT NULL,
  `job_data` blob,
  PRIMARY KEY (`sched_name`,`trigger_name`,`trigger_group`) USING BTREE,
  KEY `sched_name` (`sched_name`,`job_name`,`job_group`) USING BTREE,
  CONSTRAINT `qrtz_triggers_ibfk_1` FOREIGN KEY (`sched_name`, `job_name`, `job_group`) REFERENCES `qrtz_job_details` (`sched_name`, `job_name`, `job_group`)
) ENGINE=InnoDB DEFAULT CHARSET=utf8 ROW_FORMAT=COMPACT;

/*Data for the table `qrtz_triggers` */

insert  into `qrtz_triggers`(`sched_name`,`trigger_name`,`trigger_group`,`job_name`,`job_group`,`description`,`next_fire_time`,`prev_fire_time`,`priority`,`trigger_state`,`trigger_type`,`start_time`,`end_time`,`calendar_name`,`misfire_instr`,`job_data`) values ('RuoyiScheduler','TASK_CLASS_NAME1','DEFAULT','TASK_CLASS_NAME1','DEFAULT',NULL,1636961880000,-1,5,'PAUSED','CRON',1636961872000,0,NULL,2,''),('RuoyiScheduler','TASK_CLASS_NAME2','DEFAULT','TASK_CLASS_NAME2','DEFAULT',NULL,1636961880000,-1,5,'PAUSED','CRON',1636961872000,0,NULL,2,''),('RuoyiScheduler','TASK_CLASS_NAME3','DEFAULT','TASK_CLASS_NAME3','DEFAULT',NULL,1636999200000,-1,5,'PAUSED','CRON',1636961873000,0,NULL,2,'');

/*Table structure for table `sys_config` */

DROP TABLE IF EXISTS `sys_config`;

CREATE TABLE `sys_config` (
  `config_id` int(5) NOT NULL AUTO_INCREMENT COMMENT 'å‚æ•°ä¸»é”®',
  `config_name` varchar(100) DEFAULT '' COMMENT 'å‚æ•°åç§°',
  `config_key` varchar(100) DEFAULT '' COMMENT 'å‚æ•°é”®å',
  `config_value` varchar(100) DEFAULT '' COMMENT 'å‚æ•°é”®å€¼',
  `config_type` char(1) DEFAULT 'N' COMMENT 'ç³»ç»Ÿå†…ç½®ï¼ˆYæ˜¯ Nå¦ï¼‰',
  `create_by` varchar(64) DEFAULT '' COMMENT 'åˆ›å»ºè€…',
  `create_time` datetime DEFAULT NULL COMMENT 'åˆ›å»ºæ—¶é—´',
  `update_by` varchar(64) DEFAULT '' COMMENT 'æ›´æ–°è€…',
  `update_time` datetime DEFAULT NULL COMMENT 'æ›´æ–°æ—¶é—´',
  `remark` varchar(500) DEFAULT NULL COMMENT 'å¤‡æ³¨',
  PRIMARY KEY (`config_id`) USING BTREE
) ENGINE=InnoDB AUTO_INCREMENT=3 DEFAULT CHARSET=utf8 ROW_FORMAT=COMPACT COMMENT='å‚æ•°é…ç½®è¡¨';

/*Data for the table `sys_config` */

insert  into `sys_config`(`config_id`,`config_name`,`config_key`,`config_value`,`config_type`,`create_by`,`create_time`,`update_by`,`update_time`,`remark`) values (1,'ä¸»æ¡†æ¶é¡µ-é»˜è®¤çš®è‚¤æ ·å¼åç§°','sys.index.skinName','skin-green','Y','admin','2018-03-16 11:33:00','admin','2021-08-31 15:06:09','è“è‰² skin-blueã€ç»¿è‰² skin-greenã€ç´«è‰² skin-purpleã€çº¢è‰² skin-redã€é»„è‰² skin-yellow'),(2,'ç”¨æˆ·ç®¡ç†-è´¦å·åˆå§‹å¯†ç ','sys.user.initPassword','123456','Y','admin','2018-03-16 11:33:00','ry','2018-03-16 11:33:00','åˆå§‹åŒ–å¯†ç  123456');

/*Table structure for table `sys_dept` */

DROP TABLE IF EXISTS `sys_dept`;

CREATE TABLE `sys_dept` (
  `dept_id` bigint(20) NOT NULL AUTO_INCREMENT COMMENT 'éƒ¨é—¨id',
  `parent_id` bigint(20) DEFAULT '0' COMMENT 'çˆ¶éƒ¨é—¨id',
  `ancestors` varchar(50) DEFAULT '' COMMENT 'ç¥–çº§åˆ—è¡¨',
  `dept_name` varchar(30) DEFAULT '' COMMENT 'éƒ¨é—¨åç§°',
  `order_num` int(4) DEFAULT '0' COMMENT 'æ˜¾ç¤ºé¡ºåº',
  `leader` varchar(20) DEFAULT NULL COMMENT 'è´Ÿè´£äºº',
  `phone` varchar(11) DEFAULT NULL COMMENT 'è”ç³»ç”µè¯',
  `email` varchar(50) DEFAULT NULL COMMENT 'é‚®ç®±',
  `status` char(1) DEFAULT '0' COMMENT 'éƒ¨é—¨çŠ¶æ€ï¼ˆ0æ­£å¸¸ 1åœç”¨ï¼‰',
  `del_flag` char(1) DEFAULT '0' COMMENT 'åˆ é™¤æ ‡å¿—ï¼ˆ0ä»£è¡¨å­˜åœ¨ 2ä»£è¡¨åˆ é™¤ï¼‰',
  `create_by` varchar(64) DEFAULT '' COMMENT 'åˆ›å»ºè€…',
  `create_time` datetime DEFAULT NULL COMMENT 'åˆ›å»ºæ—¶é—´',
  `update_by` varchar(64) DEFAULT '' COMMENT 'æ›´æ–°è€…',
  `update_time` datetime DEFAULT NULL COMMENT 'æ›´æ–°æ—¶é—´',
  PRIMARY KEY (`dept_id`) USING BTREE
) ENGINE=InnoDB AUTO_INCREMENT=103 DEFAULT CHARSET=utf8 ROW_FORMAT=COMPACT COMMENT='éƒ¨é—¨è¡¨';

/*Data for the table `sys_dept` */

insert  into `sys_dept`(`dept_id`,`parent_id`,`ancestors`,`dept_name`,`order_num`,`leader`,`phone`,`email`,`status`,`del_flag`,`create_by`,`create_time`,`update_by`,`update_time`) values (100,0,'0','æŠ€æœ¯ç›‘æµ‹å®¤',0,'é¾šå‰‘','15888888888','gongjian@lims.com','0','0','sys','2019-08-01 18:00:00','sys','2019-08-01 18:00:00'),(101,100,'0,100','éƒ¨é—¨ä¸€',1,NULL,NULL,NULL,'0','0','admin','2020-05-29 13:40:40','',NULL),(102,101,'0,100,101','å­éƒ¨é—¨1',1,NULL,NULL,NULL,'0','0','admin','2020-05-29 13:40:52','',NULL);

/*Table structure for table `sys_dict_data` */

DROP TABLE IF EXISTS `sys_dict_data`;

CREATE TABLE `sys_dict_data` (
  `dict_code` bigint(20) NOT NULL AUTO_INCREMENT COMMENT 'å­—å…¸ç¼–ç ',
  `dict_sort` int(4) DEFAULT '0' COMMENT 'å­—å…¸æ’åº',
  `dict_label` varchar(100) DEFAULT '' COMMENT 'å­—å…¸æ ‡ç­¾',
  `dict_value` varchar(100) DEFAULT '' COMMENT 'å­—å…¸é”®å€¼',
  `dict_type` varchar(100) DEFAULT '' COMMENT 'å­—å…¸ç±»å‹',
  `css_class` varchar(100) DEFAULT NULL COMMENT 'æ ·å¼å±æ€§ï¼ˆå…¶ä»–æ ·å¼æ‰©å±•ï¼‰',
  `list_class` varchar(100) DEFAULT NULL COMMENT 'è¡¨æ ¼å›æ˜¾æ ·å¼',
  `is_default` char(1) DEFAULT 'N' COMMENT 'æ˜¯å¦é»˜è®¤ï¼ˆYæ˜¯ Nå¦ï¼‰',
  `status` char(1) DEFAULT '0' COMMENT 'çŠ¶æ€ï¼ˆ0æ­£å¸¸ 1åœç”¨ï¼‰',
  `create_by` varchar(64) DEFAULT '' COMMENT 'åˆ›å»ºè€…',
  `create_time` datetime DEFAULT NULL COMMENT 'åˆ›å»ºæ—¶é—´',
  `update_by` varchar(64) DEFAULT '' COMMENT 'æ›´æ–°è€…',
  `update_time` datetime DEFAULT NULL COMMENT 'æ›´æ–°æ—¶é—´',
  `remark` varchar(500) DEFAULT NULL COMMENT 'å¤‡æ³¨',
  PRIMARY KEY (`dict_code`) USING BTREE
) ENGINE=InnoDB AUTO_INCREMENT=70 DEFAULT CHARSET=utf8 ROW_FORMAT=COMPACT COMMENT='å­—å…¸æ•°æ®è¡¨';

/*Data for the table `sys_dict_data` */

insert  into `sys_dict_data`(`dict_code`,`dict_sort`,`dict_label`,`dict_value`,`dict_type`,`css_class`,`list_class`,`is_default`,`status`,`create_by`,`create_time`,`update_by`,`update_time`,`remark`) values (1,1,'ç”·','0','sys_user_sex','','','Y','0','sys','2019-08-07 16:54:24','sys','2019-08-07 16:54:24','æ€§åˆ«ç”·'),(2,2,'å¥³','1','sys_user_sex','','','N','0','sys','2019-08-07 16:54:24','sys','2019-08-07 16:54:24','æ€§åˆ«å¥³'),(3,3,'æœªçŸ¥','2','sys_user_sex','','','N','0','sys','2019-08-07 16:54:24','sys','2019-08-07 16:54:24','æ€§åˆ«æœªçŸ¥'),(4,1,'æ˜¾ç¤º','0','sys_show_hide','','primary','Y','0','sys','2019-08-07 16:54:24','sys','2019-08-07 16:54:24','æ˜¾ç¤ºèœå•'),(5,2,'éšè—','1','sys_show_hide','','danger','N','0','sys','2019-08-07 16:54:24','sys','2019-08-07 16:54:24','éšè—èœå•'),(6,1,'æ­£å¸¸','0','sys_normal_disable','','primary','Y','0','sys','2019-08-07 16:54:24','sys','2019-08-07 16:54:24','æ­£å¸¸çŠ¶æ€'),(7,2,'åœç”¨','1','sys_normal_disable','','danger','N','0','sys','2019-08-07 16:54:24','sys','2019-08-07 16:54:24','åœç”¨çŠ¶æ€'),(8,1,'æ­£å¸¸','0','sys_job_status','','primary','Y','0','sys','2019-08-07 16:54:24','sys','2019-08-07 16:54:24','æ­£å¸¸çŠ¶æ€'),(9,2,'æš‚åœ','1','sys_job_status','','danger','N','0','sys','2019-08-07 16:54:24','sys','2019-08-07 16:54:24','åœç”¨çŠ¶æ€'),(10,1,'æ˜¯','Y','sys_yes_no','','primary','Y','0','sys','2019-08-07 16:54:24','sys','2019-08-07 16:54:24','ç³»ç»Ÿé»˜è®¤æ˜¯'),(11,2,'å¦','N','sys_yes_no','','danger','N','0','sys','2019-08-07 16:54:24','sys','2019-08-07 16:54:24','ç³»ç»Ÿé»˜è®¤å¦'),(12,1,'é€šçŸ¥','1','sys_notice_type','','warning','Y','0','sys','2019-08-07 16:54:24','sys','2019-08-07 16:54:24','é€šçŸ¥'),(13,2,'å…¬å‘Š','2','sys_notice_type','','success','N','0','sys','2019-08-07 16:54:24','sys','2019-08-07 16:54:24','å…¬å‘Š'),(14,1,'æ­£å¸¸','0','sys_notice_status','','primary','Y','0','sys','2019-08-07 16:54:24','sys','2019-08-07 16:54:24','æ­£å¸¸çŠ¶æ€'),(15,2,'å…³é—­','1','sys_notice_status','','danger','N','0','sys','2019-08-07 16:54:24','sys','2019-08-07 16:54:24','å…³é—­çŠ¶æ€'),(16,1,'æ–°å¢','1','sys_oper_type','','info','N','0','sys','2019-08-07 16:54:24','sys','2019-08-07 16:54:24','æ–°å¢æ“ä½œ'),(17,2,'ä¿®æ”¹','2','sys_oper_type','','info','N','0','sys','2019-08-07 16:54:24','sys','2019-08-07 16:54:24','ä¿®æ”¹æ“ä½œ'),(18,3,'åˆ é™¤','3','sys_oper_type','','danger','N','0','sys','2019-08-07 16:54:24','sys','2019-08-07 16:54:24','åˆ é™¤æ“ä½œ'),(19,4,'æˆæƒ','4','sys_oper_type','','primary','N','0','sys','2019-08-07 16:54:24','sys','2019-08-07 16:54:24','æˆæƒæ“ä½œ'),(20,5,'å¯¼å‡º','5','sys_oper_type','','warning','N','0','sys','2019-08-07 16:54:24','sys','2019-08-07 16:54:24','å¯¼å‡ºæ“ä½œ'),(21,6,'å¯¼å…¥','6','sys_oper_type','','warning','N','0','sys','2019-08-07 16:54:24','sys','2019-08-07 16:54:24','å¯¼å…¥æ“ä½œ'),(22,7,'å¼ºé€€','7','sys_oper_type','','danger','N','0','sys','2019-08-07 16:54:24','sys','2019-08-07 16:54:24','å¼ºé€€æ“ä½œ'),(23,8,'ç”Ÿæˆä»£ç ','8','sys_oper_type','','warning','N','0','sys','2019-08-07 16:54:24','sys','2019-08-07 16:54:24','ç”Ÿæˆæ“ä½œ'),(24,9,'æ¸…ç©ºæ•°æ®','9','sys_oper_type','','danger','N','0','sys','2019-08-07 16:54:24','sys','2019-08-07 16:54:24','æ¸…ç©ºæ“ä½œ'),(25,1,'æˆåŠŸ','0','sys_common_status','','primary','N','0','sys','2019-08-07 16:54:24','sys','2019-08-07 16:54:24','æ­£å¸¸çŠ¶æ€'),(26,2,'å¤±è´¥','1','sys_common_status','','danger','N','0','sys','2019-08-07 16:54:24','sys','2019-08-07 16:54:24','åœç”¨çŠ¶æ€'),(27,1,'æ“ä½œæ‰‹å†Œ','1','lims_equipBook_category','','','Y','0','sys','2019-08-07 16:54:24','sys','2019-08-07 16:54:24',''),(28,2,'æ£€å®šæ–‡ä»¶','2','lims_equipBook_category','','','Y','0','sys','2019-08-07 16:54:24','sys','2019-08-07 16:54:24',''),(29,10,'å…¶ä»–','10','lims_equipBook_category','','','Y','0','sys','2019-08-07 16:54:24','sys','2019-08-07 16:54:24',''),(30,1,'è€—æè§„æ ¼ä¸€','1','lims_consum_specification','','','N','0','sys','2019-08-07 16:54:24','sys','2019-08-07 16:54:24',''),(31,2,'è€—æè§„æ ¼äºŒ','2','lims_consum_specification','','','N','0','sys','2019-08-07 16:54:24','sys','2019-08-07 16:54:24',''),(32,3,'è€—æè§„æ ¼ä¸‰','3','lims_consum_specification','','','N','0','sys','2019-08-07 16:54:24','sys','2019-08-07 16:54:24',''),(33,1,'åœ¨åº“','1','lims_equip_state','','primary','Y','0','sys','2019-08-07 16:54:24','sys','2019-08-07 16:54:24',''),(34,2,'å€Ÿå‡º','2','lims_equip_state','','warning','N','0','sys','2019-08-07 16:54:24','sys','2019-08-07 16:54:24',''),(35,3,'ç»´ä¿®','3','lims_equip_state','','info','N','0','sys','2019-08-07 16:54:24','sys','2019-08-07 16:54:24',''),(36,5,'å ç”¨','5','lims_equip_state','','warning','N','0','sys','2019-08-07 16:54:24','sys','2019-08-07 16:54:24',NULL),(37,4,'æ£€å®š','4','lims_equip_state','','success','N','0','sys','2019-08-07 16:54:24','sys','2019-08-07 16:54:24',''),(38,1,'åˆæ ¼','1','lims_equip_tech_state','','default','Y','0','sys','2019-08-07 16:54:24','sys','2019-08-07 16:54:24',''),(39,2,'æ•…éšœ','2','lims_equip_tech_state','','danger','N','0','sys','2019-08-07 16:54:24','sys','2019-08-07 16:54:24',''),(40,3,'æŠ¥åºŸ','3','lims_equip_tech_state','','','N','0','sys','2019-08-07 16:54:24','sys','2019-08-07 16:54:24',''),(41,4,'è¿‡æœŸ','4','lims_equip_tech_state','','warning','N','0','sys','2019-08-07 16:54:24','sys','2019-08-07 16:54:24',''),(42,1,'åŒ…','1','lims_consum_unit','','default','N','0','sys','2019-08-07 16:54:24','sys','2019-08-07 16:54:24',NULL),(43,2,'æ”¯','2','lims_consum_unit','','default','N','0','sys','2019-08-07 16:54:24','sys','2019-08-07 16:54:24',NULL),(44,1,'æœ‰æ•ˆ','1','lims_sample_status','','primary','Y','0','sys','2019-08-07 16:54:24','sys','2019-08-07 16:54:24',NULL),(45,2,'è¿‡æœŸ','2','lims_sample_status','','warning','N','0','sys','2019-08-07 16:54:24','sys','2019-08-07 16:54:24',NULL),(46,3,'å…¶ä»–','3','lims_sample_status','','','Y','0','sys','2019-08-07 16:54:24','sys','2019-08-07 16:54:24',NULL),(48,1,'å•ä½è‡ªè´­','1','lims_equip_source','','default','Y','0','sys','2019-08-07 16:54:24','sys','2019-08-07 16:54:24',NULL),(49,2,'ä¸Šçº§é…å‘','2','lims_equip_source','','default','N','0','sys','2019-08-07 16:54:24','sys','2019-08-07 16:54:24',NULL),(50,1,'æ˜¯','1','lims_asset_judge','','','N','0','sys','2019-08-07 16:54:24','sys','2019-08-07 16:54:24',NULL),(51,2,'å¦','0','lims_asset_judge','','','N','0','sys','2019-08-07 16:54:24','sys','2019-08-07 16:54:24',NULL),(52,1,'ç»´ä¿®å†…å®¹1','1','lims_content_type','','','N','0','sys','2019-08-07 16:54:24','sys','2019-08-07 16:54:24',NULL),(53,2,'ç»´ä¿®å†…å®¹2','2','lims_content_type','','','N','0','sys','2019-08-07 16:54:24','sys','2019-08-07 16:54:24',NULL),(54,1,'æ­£å¸¸','0','lims_template_status','','','Y','0','sys','2019-08-07 16:54:24','sys','2019-08-07 16:54:24',''),(55,2,'å…³é—­','1','lims_template_status','','','N','0','sys','2019-08-07 16:54:24','sys','2019-08-07 16:54:24',''),(57,1,'ç»¼åˆæŠ¥å‘Š','1','lims_template_type','','','N','0','sys','2019-08-07 16:54:24','sys','2019-08-07 16:54:24',NULL),(58,2,'æŒ¯å£°æŠ¥å‘Š','2','lims_template_type','','','N','0','sys','2019-08-07 16:54:24','sys','2019-08-07 16:54:24',NULL),(59,3,'æ²¹æ¶²æŠ¥å‘Š','3','lims_template_type','','','N','0','sys','2019-08-07 16:54:24','sys','2019-08-07 16:54:24',NULL),(60,4,'æ— æŸæŠ¥å‘Š','4','lims_template_type','','','N','0','sys','2019-08-07 16:54:24','sys','2019-08-07 16:54:24',NULL),(61,5,'ç”µæ°”æŠ¥å‘Š','5','lims_template_type','','','N','0','sys','2019-08-07 16:54:24','sys','2019-08-07 16:54:24',NULL),(62,1,'ä»…ä¸€æ¬¡','1','lims_msg_frequence','','','Y','0','sys','2019-08-07 16:54:24','sys','2019-08-07 16:54:24',NULL),(63,2,'æ¯å‘¨','2','lims_msg_frequence','','','N','0','sys','2019-08-07 16:54:24','sys','2019-08-07 16:54:24',''),(64,3,'æ¯æœˆ','3','lims_msg_frequence','','','N','0','sys','2019-08-07 16:54:24','sys','2019-08-07 16:54:24',''),(65,4,'æ¯å¹´','4','lims_msg_frequence','','','N','0','sys','2019-08-07 16:54:24','sys','2019-08-07 16:54:24',''),(66,1,'ç•™å­˜','1','lims_report_kind',NULL,NULL,'N','0','sys','2019-08-07 16:54:24','sys','2019-08-07 16:54:24',NULL),(67,2,'æŠ¥ç­¾','2','lims_report_kind',NULL,NULL,'Y','0','sys','2019-08-07 16:54:24','sys','2019-08-07 16:54:24',NULL),(68,1,'ç»“è®ºæœ¯è¯­1','1','lims_report_verdict',NULL,NULL,'Y','0','sys','2019-08-07 16:54:24','sys','2019-08-07 16:54:24',NULL),(69,2,'ç»“è®ºæœ¯è¯­2','2','lims_report_verdict',NULL,NULL,'Y','0','sys','2019-08-07 16:54:24','sys','2019-08-07 16:54:24',NULL);

/*Table structure for table `sys_dict_type` */

DROP TABLE IF EXISTS `sys_dict_type`;

CREATE TABLE `sys_dict_type` (
  `dict_id` bigint(20) NOT NULL AUTO_INCREMENT COMMENT 'å­—å…¸ä¸»é”®',
  `dict_name` varchar(100) DEFAULT '' COMMENT 'å­—å…¸åç§°',
  `dict_type` varchar(100) DEFAULT '' COMMENT 'å­—å…¸ç±»å‹',
  `status` char(1) DEFAULT '0' COMMENT 'çŠ¶æ€ï¼ˆ0æ­£å¸¸ 1åœç”¨ï¼‰',
  `create_by` varchar(64) DEFAULT '' COMMENT 'åˆ›å»ºè€…',
  `create_time` datetime DEFAULT NULL COMMENT 'åˆ›å»ºæ—¶é—´',
  `update_by` varchar(64) DEFAULT '' COMMENT 'æ›´æ–°è€…',
  `update_time` datetime DEFAULT NULL COMMENT 'æ›´æ–°æ—¶é—´',
  `remark` varchar(500) DEFAULT NULL COMMENT 'å¤‡æ³¨',
  PRIMARY KEY (`dict_id`) USING BTREE,
  UNIQUE KEY `dict_type` (`dict_type`) USING BTREE
) ENGINE=InnoDB AUTO_INCREMENT=24 DEFAULT CHARSET=utf8 ROW_FORMAT=COMPACT COMMENT='å­—å…¸ç±»å‹è¡¨';

/*Data for the table `sys_dict_type` */

insert  into `sys_dict_type`(`dict_id`,`dict_name`,`dict_type`,`status`,`create_by`,`create_time`,`update_by`,`update_time`,`remark`) values (1,'ç”¨æˆ·æ€§åˆ«','sys_user_sex','0','sys','2019-08-07 16:56:50','sys','2019-08-07 16:56:50','ç”¨æˆ·æ€§åˆ«åˆ—è¡¨'),(2,'èœå•çŠ¶æ€','sys_show_hide','0','sys','2019-08-07 16:56:50','sys','2019-08-07 16:56:50','èœå•çŠ¶æ€åˆ—è¡¨'),(3,'ç³»ç»Ÿå¼€å…³','sys_normal_disable','0','sys','2019-08-07 16:56:50','sys','2019-08-07 16:56:50','ç³»ç»Ÿå¼€å…³åˆ—è¡¨'),(4,'ä»»åŠ¡çŠ¶æ€','sys_job_status','0','sys','2019-08-07 16:56:50','sys','2019-08-07 16:56:50','ä»»åŠ¡çŠ¶æ€åˆ—è¡¨'),(5,'ç³»ç»Ÿæ˜¯å¦','sys_yes_no','0','sys','2019-08-07 16:56:50','sys','2019-08-07 16:56:50','ç³»ç»Ÿæ˜¯å¦åˆ—è¡¨'),(6,'é€šçŸ¥ç±»å‹','sys_notice_type','0','sys','2019-08-07 16:56:50','sys','2019-08-07 16:56:50','é€šçŸ¥ç±»å‹åˆ—è¡¨'),(7,'é€šçŸ¥çŠ¶æ€','sys_notice_status','0','sys','2019-08-07 16:56:50','sys','2019-08-07 16:56:50','é€šçŸ¥çŠ¶æ€åˆ—è¡¨'),(8,'æ“ä½œç±»å‹','sys_oper_type','0','sys','2019-08-07 16:56:50','sys','2019-08-07 16:56:50','æ“ä½œç±»å‹åˆ—è¡¨'),(9,'ç³»ç»ŸçŠ¶æ€','sys_common_status','0','sys','2019-08-07 16:56:50','sys','2019-08-07 16:56:50','ç™»å½•çŠ¶æ€åˆ—è¡¨'),(10,'è®¾å¤‡åˆ†ç±»','lims_equipBook_category','0','sys','2019-08-07 16:56:50','sys','2019-08-07 16:56:50','æœç´¢è®¾å¤‡åˆ†ç±»'),(11,'è€—æè§„æ ¼','lims_consum_specification','0','sys','2019-08-07 16:56:50','sys','2019-08-07 16:56:50','è€—æè§„æ ¼'),(12,'è®¾å¤‡çŠ¶æ€','lims_equip_state','0','sys','2019-08-07 16:56:50','sys','2019-08-07 16:56:50','åœ¨åº“ã€å€Ÿå‡ºã€ç»´ä¿®ã€æ£€å®š'),(13,'è®¾å¤‡æŠ€æœ¯çŠ¶æ€','lims_equip_tech_state','0','sys','2019-08-07 16:56:50','sys','2019-08-07 16:56:50','åˆæ ¼ã€æ•…éšœã€æŠ¥åºŸã€è¿‡æœŸ'),(14,'è®¾å¤‡æ¥æº','lims_equip_source','0','sys','2019-08-07 16:56:50','sys','2019-08-07 16:56:50','ä¸Šçº§é…å‘ã€å•ä½è‡ªè´­'),(15,'è€—æè®¡é‡å•ä½','lims_consum_unit','0','sys','2019-08-07 16:56:50','sys','2019-08-07 16:56:50','åŒ…ã€æ”¯'),(16,'æ ·å“çŠ¶æ€','lims_sample_status','0','sys','2019-08-07 16:56:50','sys','2019-08-07 16:56:50','æœ‰æ•ˆã€è¿‡æœŸ'),(17,'å›ºå®šèµ„äº§åˆ¤æ–­','lims_asset_judge','0','sys','2019-08-07 16:56:50','sys','2019-08-07 16:56:50','æ˜¯å¦ä¸ºå›ºå®šèµ„äº§'),(18,'ç»´ä¿®å†…å®¹','lims_content_type','0','sys','2019-08-07 16:56:50','sys','2019-08-07 16:56:50','ç»´ä¿®å†…å®¹'),(19,'æ¨¡æ¿çŠ¶æ€','lims_template_status','0','sys','2019-08-07 16:56:50','sys','2019-08-07 16:56:50','æ¨¡æ¿çŠ¶æ€'),(20,'æ¨¡æ¿ç±»å‹','lims_template_type','0','sys','2019-08-07 16:56:50','sys','2019-08-07 16:56:50','æ¨¡æ¿ç±»å‹'),(21,'æ¶ˆæ¯é¢‘ç‡','lims_msg_frequence','0','sys','2019-08-07 16:56:50','sys','2019-08-07 16:56:50','æ¶ˆæ¯é¢‘ç‡'),(22,'æŠ¥å‘Š-ç•™å­˜/æŠ¥ç­¾','lims_report_kind','0','sys','2019-08-07 16:56:50','sys','2019-08-07 16:56:50','æŠ¥å‘Š-ç•™å­˜/æŠ¥ç­¾'),(23,'æŠ¥å‘Šç»“è®ºæœ¯è¯­','lims_report_verdict','0','sys','2019-08-07 16:56:50','sys','2019-08-07 16:56:50',NULL);

/*Table structure for table `sys_job` */

DROP TABLE IF EXISTS `sys_job`;

CREATE TABLE `sys_job` (
  `job_id` bigint(20) NOT NULL AUTO_INCREMENT COMMENT 'ä»»åŠ¡ID',
  `job_name` varchar(64) NOT NULL DEFAULT '' COMMENT 'ä»»åŠ¡åç§°',
  `job_group` varchar(64) NOT NULL DEFAULT '' COMMENT 'ä»»åŠ¡ç»„å',
  `method_name` varchar(500) DEFAULT '' COMMENT 'ä»»åŠ¡æ–¹æ³•',
  `method_params` varchar(50) DEFAULT NULL COMMENT 'æ–¹æ³•å‚æ•°',
  `cron_expression` varchar(255) DEFAULT '' COMMENT 'cronæ‰§è¡Œè¡¨è¾¾å¼',
  `misfire_policy` varchar(20) DEFAULT '3' COMMENT 'è®¡åˆ’æ‰§è¡Œé”™è¯¯ç­–ç•¥ï¼ˆ1ç«‹å³æ‰§è¡Œ 2æ‰§è¡Œä¸€æ¬¡ 3æ”¾å¼ƒæ‰§è¡Œï¼‰',
  `concurrent` char(1) DEFAULT '1' COMMENT 'æ˜¯å¦å¹¶å‘æ‰§è¡Œï¼ˆ0å…è®¸ 1ç¦æ­¢ï¼‰',
  `status` char(1) DEFAULT '0' COMMENT 'çŠ¶æ€ï¼ˆ0æ­£å¸¸ 1æš‚åœï¼‰',
  `create_by` varchar(64) DEFAULT '' COMMENT 'åˆ›å»ºè€…',
  `create_time` datetime DEFAULT NULL COMMENT 'åˆ›å»ºæ—¶é—´',
  `update_by` varchar(64) DEFAULT '' COMMENT 'æ›´æ–°è€…',
  `update_time` datetime DEFAULT NULL COMMENT 'æ›´æ–°æ—¶é—´',
  `remark` varchar(500) DEFAULT '' COMMENT 'å¤‡æ³¨ä¿¡æ¯',
  PRIMARY KEY (`job_id`,`job_name`,`job_group`) USING BTREE
) ENGINE=InnoDB AUTO_INCREMENT=4 DEFAULT CHARSET=utf8 ROW_FORMAT=COMPACT COMMENT='å®šæ—¶ä»»åŠ¡è°ƒåº¦è¡¨';

/*Data for the table `sys_job` */

insert  into `sys_job`(`job_id`,`job_name`,`job_group`,`method_name`,`method_params`,`cron_expression`,`misfire_policy`,`concurrent`,`status`,`create_by`,`create_time`,`update_by`,`update_time`,`remark`) values (1,'ryTask','ç³»ç»Ÿé»˜è®¤ï¼ˆæ— å‚ï¼‰','ryNoParams','','0/10 * * * * ?','3','1','1','sys','2019-08-07 16:57:59','sys','2019-08-07 16:57:59',''),(2,'ryTask','ç³»ç»Ÿé»˜è®¤ï¼ˆæœ‰å‚ï¼‰','ryParams','ry','0/20 * * * * ?','3','1','1','sys','2019-08-07 16:57:59','sys','2019-08-07 16:57:59',''),(3,'equipTask','è®¾å¤‡è¿‡æœŸ','ryNoParams','','0 0 2 * * ? ','3','1','1','sys','2019-08-07 16:57:59','sys','2019-08-07 16:57:59','');

/*Table structure for table `sys_job_log` */

DROP TABLE IF EXISTS `sys_job_log`;

CREATE TABLE `sys_job_log` (
  `job_log_id` bigint(20) NOT NULL AUTO_INCREMENT COMMENT 'ä»»åŠ¡æ—¥å¿—ID',
  `job_name` varchar(64) NOT NULL COMMENT 'ä»»åŠ¡åç§°',
  `job_group` varchar(64) NOT NULL COMMENT 'ä»»åŠ¡ç»„å',
  `method_name` varchar(500) DEFAULT NULL COMMENT 'ä»»åŠ¡æ–¹æ³•',
  `method_params` varchar(50) DEFAULT NULL COMMENT 'æ–¹æ³•å‚æ•°',
  `job_message` varchar(500) DEFAULT NULL COMMENT 'æ—¥å¿—ä¿¡æ¯',
  `status` char(1) DEFAULT '0' COMMENT 'æ‰§è¡ŒçŠ¶æ€ï¼ˆ0æ­£å¸¸ 1å¤±è´¥ï¼‰',
  `exception_info` varchar(2000) DEFAULT '' COMMENT 'å¼‚å¸¸ä¿¡æ¯',
  `create_time` datetime DEFAULT NULL COMMENT 'åˆ›å»ºæ—¶é—´',
  PRIMARY KEY (`job_log_id`) USING BTREE
) ENGINE=InnoDB DEFAULT CHARSET=utf8 ROW_FORMAT=COMPACT COMMENT='å®šæ—¶ä»»åŠ¡è°ƒåº¦æ—¥å¿—è¡¨';

/*Data for the table `sys_job_log` */

/*Table structure for table `sys_logininfor` */

DROP TABLE IF EXISTS `sys_logininfor`;

CREATE TABLE `sys_logininfor` (
  `info_id` bigint(20) NOT NULL AUTO_INCREMENT COMMENT 'è®¿é—®ID',
  `login_name` varchar(50) DEFAULT '' COMMENT 'ç™»å½•è´¦å·',
  `ipaddr` varchar(50) DEFAULT '' COMMENT 'ç™»å½•IPåœ°å€',
  `login_location` varchar(255) DEFAULT '' COMMENT 'ç™»å½•åœ°ç‚¹',
  `browser` varchar(50) DEFAULT '' COMMENT 'æµè§ˆå™¨ç±»å‹',
  `os` varchar(50) DEFAULT '' COMMENT 'æ“ä½œç³»ç»Ÿ',
  `status` char(1) DEFAULT '0' COMMENT 'ç™»å½•çŠ¶æ€ï¼ˆ0æˆåŠŸ 1å¤±è´¥ï¼‰',
  `msg` varchar(255) DEFAULT '' COMMENT 'æç¤ºæ¶ˆæ¯',
  `login_time` datetime DEFAULT NULL COMMENT 'è®¿é—®æ—¶é—´',
  PRIMARY KEY (`info_id`) USING BTREE
) ENGINE=InnoDB AUTO_INCREMENT=360 DEFAULT CHARSET=utf8 ROW_FORMAT=COMPACT COMMENT='ç³»ç»Ÿè®¿é—®è®°å½•';

/*Data for the table `sys_logininfor` */

insert  into `sys_logininfor`(`info_id`,`login_name`,`ipaddr`,`login_location`,`browser`,`os`,`status`,`msg`,`login_time`) values (1,'admin','127.0.0.1','å†…ç½‘IP','Chrome','Windows 7','0','ç™»å½•æˆåŠŸ','2019-08-09 14:51:20'),(2,'admin','127.0.0.1','å†…ç½‘IP','Chrome','Windows 7','0','ç™»å½•æˆåŠŸ','2019-08-14 13:51:30'),(3,'admin','127.0.0.1','å†…ç½‘IP','Chrome','Windows 7','0','ç™»å½•æˆåŠŸ','2019-10-17 18:20:59'),(4,'admin','127.0.0.1','å†…ç½‘IP','Chrome','Windows 7','0','é€€å‡ºæˆåŠŸ','2019-10-17 18:24:12'),(5,'admin','127.0.0.1','å†…ç½‘IP','Chrome','Windows 7','0','ç™»å½•æˆåŠŸ','2019-10-17 18:24:12'),(6,'admin','127.0.0.1','å†…ç½‘IP','Chrome','Windows 7','0','ç™»å½•æˆåŠŸ','2019-10-21 12:39:08'),(7,'admin','127.0.0.1','å†…ç½‘IP','Chrome','Windows 7','0','ç™»å½•æˆåŠŸ','2019-12-19 13:09:34'),(8,'admin','127.0.0.1','å†…ç½‘IP','Chrome','Windows 7','0','ç™»å½•æˆåŠŸ','2019-12-25 13:52:13'),(9,'admin','127.0.0.1','å†…ç½‘IP','Chrome','Windows 7','0','ç™»å½•æˆåŠŸ','2019-12-26 11:15:00'),(10,'admin','127.0.0.1','å†…ç½‘IP','Chrome','Windows 7','0','ç™»å½•æˆåŠŸ','2019-12-26 12:42:25'),(11,'admin','127.0.0.1','å†…ç½‘IP','Chrome','Windows 7','0','ç™»å½•æˆåŠŸ','2019-12-26 16:23:37'),(12,'admin','127.0.0.1','å†…ç½‘IP','Chrome','Windows 7','0','ç™»å½•æˆåŠŸ','2019-12-27 11:17:38'),(13,'admin','127.0.0.1','å†…ç½‘IP','Chrome','Windows 7','0','ç™»å½•æˆåŠŸ','2019-12-27 12:28:49'),(14,'admin','127.0.0.1','å†…ç½‘IP','Chrome','Windows 7','0','é€€å‡ºæˆåŠŸ','2019-12-27 13:17:35'),(15,'admin','127.0.0.1','å†…ç½‘IP','Chrome','Windows 7','0','ç™»å½•æˆåŠŸ','2019-12-27 13:18:16'),(16,'admin','127.0.0.1','å†…ç½‘IP','Chrome','Windows 7','0','ç™»å½•æˆåŠŸ','2019-12-27 15:19:41'),(17,'admin','127.0.0.1','å†…ç½‘IP','Chrome','Windows 7','0','ç™»å½•æˆåŠŸ','2019-12-27 15:24:16'),(18,'admin','127.0.0.1','å†…ç½‘IP','Chrome','Windows 7','0','ç™»å½•æˆåŠŸ','2019-12-27 15:29:44'),(19,'admin','127.0.0.1','å†…ç½‘IP','Chrome','Windows 7','0','ç™»å½•æˆåŠŸ','2019-12-27 15:41:21'),(20,'admin','127.0.0.1','å†…ç½‘IP','Chrome','Windows 7','0','ç™»å½•æˆåŠŸ','2019-12-27 15:55:05'),(21,'admin','127.0.0.1','å†…ç½‘IP','Chrome','Windows 7','0','ç™»å½•æˆåŠŸ','2019-12-27 15:57:22'),(22,'admin','127.0.0.1','å†…ç½‘IP','Chrome','Windows 7','0','ç™»å½•æˆåŠŸ','2019-12-27 16:10:12'),(23,'admin','127.0.0.1','å†…ç½‘IP','Chrome','Windows 7','0','ç™»å½•æˆåŠŸ','2019-12-27 16:23:41'),(24,'admin','127.0.0.1','å†…ç½‘IP','Chrome','Windows 7','0','ç™»å½•æˆåŠŸ','2019-12-27 16:25:27'),(25,'admin','127.0.0.1','å†…ç½‘IP','Chrome','Windows 7','0','ç™»å½•æˆåŠŸ','2019-12-27 17:34:51'),(26,'admin','127.0.0.1','å†…ç½‘IP','Chrome','Windows 7','0','ç™»å½•æˆåŠŸ','2019-12-30 14:02:29'),(27,'admin','127.0.0.1','å†…ç½‘IP','Chrome','Windows 7','0','ç™»å½•æˆåŠŸ','2019-12-30 16:38:12'),(28,'sa','127.0.0.1','å†…ç½‘IP','Chrome','Windows 7','0','é€€å‡ºæˆåŠŸ','2020-01-09 11:00:58'),(29,'admin','127.0.0.1','å†…ç½‘IP','Chrome','Windows 7','0','ç™»å½•æˆåŠŸ','2020-01-09 11:01:00'),(30,'admin','127.0.0.1','å†…ç½‘IP','Chrome','Windows 7','0','é€€å‡ºæˆåŠŸ','2020-01-09 11:01:10'),(31,'sa','127.0.0.1','å†…ç½‘IP','Chrome','Windows 7','0','ç™»å½•æˆåŠŸ','2020-01-09 11:01:17'),(32,'sa','127.0.0.1','å†…ç½‘IP','Chrome','Windows 7','0','é€€å‡ºæˆåŠŸ','2020-01-09 11:01:22'),(33,'admin','127.0.0.1','å†…ç½‘IP','Chrome','Windows 7','0','ç™»å½•æˆåŠŸ','2020-01-09 11:01:23'),(34,'admin','127.0.0.1','å†…ç½‘IP','Chrome','Windows 7','0','ç™»å½•æˆåŠŸ','2020-01-09 11:35:29'),(35,'admin','127.0.0.1','å†…ç½‘IP','Chrome','Windows 7','0','ç™»å½•æˆåŠŸ','2020-01-09 11:36:21'),(36,'admin','127.0.0.1','å†…ç½‘IP','Chrome','Windows 7','0','ç™»å½•æˆåŠŸ','2020-01-09 11:37:10'),(37,'admin','127.0.0.1','å†…ç½‘IP','Chrome','Windows 7','0','ç™»å½•æˆåŠŸ','2020-01-09 13:44:20'),(38,'admin','127.0.0.1','å†…ç½‘IP','Chrome','Windows 7','0','ç™»å½•æˆåŠŸ','2020-01-09 13:50:38'),(39,'admin','127.0.0.1','å†…ç½‘IP','Chrome','Windows 7','0','ç™»å½•æˆåŠŸ','2020-01-09 13:56:48'),(40,'admin','127.0.0.1','å†…ç½‘IP','Chrome','Windows 7','0','ç™»å½•æˆåŠŸ','2020-01-09 14:17:52'),(41,'admin','127.0.0.1','å†…ç½‘IP','Chrome','Windows 7','0','ç™»å½•æˆåŠŸ','2020-01-09 14:33:58'),(42,'admin','127.0.0.1','å†…ç½‘IP','Chrome','Windows 7','0','ç™»å½•æˆåŠŸ','2020-01-13 12:54:09'),(43,'admin','127.0.0.1','å†…ç½‘IP','Chrome','Windows 7','0','ç™»å½•æˆåŠŸ','2020-01-13 13:55:54'),(44,'admin','127.0.0.1','å†…ç½‘IP','Chrome','Windows 7','0','ç™»å½•æˆåŠŸ','2020-01-13 13:59:10'),(45,'admin','127.0.0.1','å†…ç½‘IP','Chrome','Windows 7','0','ç™»å½•æˆåŠŸ','2020-01-13 14:00:38'),(46,'admin','127.0.0.1','å†…ç½‘IP','Chrome','Windows 7','0','ç™»å½•æˆåŠŸ','2020-01-15 15:56:24'),(47,'admin','127.0.0.1','å†…ç½‘IP','Chrome','Windows 7','0','ç™»å½•æˆåŠŸ','2020-01-15 16:01:07'),(48,'admin','127.0.0.1','å†…ç½‘IP','Chrome','Windows 7','0','ç™»å½•æˆåŠŸ','2020-01-16 11:47:11'),(49,'admin','127.0.0.1','å†…ç½‘IP','Chrome','Windows 7','0','ç™»å½•æˆåŠŸ','2020-01-16 13:35:02'),(50,'admin','127.0.0.1','å†…ç½‘IP','Chrome','Windows 7','0','é€€å‡ºæˆåŠŸ','2020-01-16 14:38:45'),(51,'admin','127.0.0.1','å†…ç½‘IP','Chrome','Windows 7','0','ç™»å½•æˆåŠŸ','2020-01-16 14:38:59'),(52,'admin','127.0.0.1','å†…ç½‘IP','Chrome','Windows 7','0','é€€å‡ºæˆåŠŸ','2020-01-16 14:40:52'),(53,'admin','127.0.0.1','å†…ç½‘IP','Chrome','Windows 7','0','ç™»å½•æˆåŠŸ','2020-01-16 14:41:06'),(54,'admin','127.0.0.1','å†…ç½‘IP','Chrome','Windows 7','0','é€€å‡ºæˆåŠŸ','2020-01-16 14:42:41'),(55,'admin','127.0.0.1','å†…ç½‘IP','Chrome','Windows 7','0','ç™»å½•æˆåŠŸ','2020-01-16 14:42:54'),(56,'admin','127.0.0.1','å†…ç½‘IP','Chrome','Windows 7','0','é€€å‡ºæˆåŠŸ','2020-01-16 14:44:45'),(57,'admin','127.0.0.1','å†…ç½‘IP','Chrome','Windows 7','0','ç™»å½•æˆåŠŸ','2020-01-16 14:44:58'),(58,'admin','127.0.0.1','å†…ç½‘IP','Chrome','Windows 7','0','é€€å‡ºæˆåŠŸ','2020-01-16 14:46:37'),(59,'admin','127.0.0.1','å†…ç½‘IP','Chrome','Windows 7','0','ç™»å½•æˆåŠŸ','2020-01-16 14:46:54'),(60,'admin','127.0.0.1','å†…ç½‘IP','Chrome','Windows 7','0','é€€å‡ºæˆåŠŸ','2020-01-16 14:47:59'),(61,'admin','127.0.0.1','å†…ç½‘IP','Chrome','Windows 7','0','ç™»å½•æˆåŠŸ','2020-01-16 14:48:11'),(62,'admin','127.0.0.1','å†…ç½‘IP','Chrome','Windows 7','0','é€€å‡ºæˆåŠŸ','2020-01-16 14:49:15'),(63,'admin','127.0.0.1','å†…ç½‘IP','Chrome','Windows 7','0','ç™»å½•æˆåŠŸ','2020-01-16 14:49:43'),(64,'admin','127.0.0.1','å†…ç½‘IP','Chrome','Windows 7','0','ç™»å½•æˆåŠŸ','2020-01-16 15:33:05'),(65,'admin','127.0.0.1','å†…ç½‘IP','Chrome','Windows 7','0','ç™»å½•æˆåŠŸ','2020-01-16 17:21:11'),(66,'admin','127.0.0.1','å†…ç½‘IP','Chrome','Windows 7','0','ç™»å½•æˆåŠŸ','2020-01-16 17:40:10'),(67,'admin','127.0.0.1','å†…ç½‘IP','Chrome','Windows 7','0','ç™»å½•æˆåŠŸ','2020-01-16 18:34:25'),(68,'admin','127.0.0.1','å†…ç½‘IP','Chrome','Windows 7','0','ç™»å½•æˆåŠŸ','2020-01-16 18:37:40'),(69,'admin','127.0.0.1','å†…ç½‘IP','Chrome','Windows 7','0','ç™»å½•æˆåŠŸ','2020-01-17 10:57:05'),(70,'admin','127.0.0.1','å†…ç½‘IP','Chrome','Windows 7','0','ç™»å½•æˆåŠŸ','2020-01-17 14:42:25'),(71,'admin','127.0.0.1','å†…ç½‘IP','Chrome','Windows 7','0','ç™»å½•æˆåŠŸ','2020-01-17 15:18:38'),(72,'admin','127.0.0.1','å†…ç½‘IP','Chrome','Windows 7','0','ç™»å½•æˆåŠŸ','2020-01-17 15:25:38'),(73,'admin','127.0.0.1','å†…ç½‘IP','Chrome','Windows 7','0','ç™»å½•æˆåŠŸ','2020-01-17 15:26:56'),(74,'admin','127.0.0.1','å†…ç½‘IP','Chrome','Windows 7','0','ç™»å½•æˆåŠŸ','2020-01-17 15:28:37'),(75,'admin','127.0.0.1','å†…ç½‘IP','Chrome','Windows 7','0','ç™»å½•æˆåŠŸ','2020-01-17 15:34:52'),(76,'admin','127.0.0.1','å†…ç½‘IP','Chrome','Windows 7','0','ç™»å½•æˆåŠŸ','2020-01-17 15:36:48'),(77,'admin','127.0.0.1','å†…ç½‘IP','Chrome','Windows 7','0','ç™»å½•æˆåŠŸ','2020-01-17 16:17:43'),(78,'admin','127.0.0.1','å†…ç½‘IP','Chrome','Windows 7','0','ç™»å½•æˆåŠŸ','2020-01-17 16:54:00'),(79,'admin','127.0.0.1','å†…ç½‘IP','Chrome','Windows 7','0','ç™»å½•æˆåŠŸ','2020-01-19 13:41:10'),(80,'admin','127.0.0.1','å†…ç½‘IP','Chrome','Windows 7','0','ç™»å½•æˆåŠŸ','2020-03-19 20:00:01'),(81,'admin','127.0.0.1','å†…ç½‘IP','Chrome','Windows 7','0','ç™»å½•æˆåŠŸ','2020-04-15 16:36:54'),(82,'admin','127.0.0.1','å†…ç½‘IP','Chrome','Windows 7','0','ç™»å½•æˆåŠŸ','2020-04-16 16:02:55'),(83,'admin','127.0.0.1','å†…ç½‘IP','Chrome','Windows 7','0','ç™»å½•æˆåŠŸ','2020-04-16 16:03:50'),(84,'admin','127.0.0.1','å†…ç½‘IP','Chrome','Windows 7','0','ç™»å½•æˆåŠŸ','2020-04-16 16:47:19'),(85,'admin','127.0.0.1','å†…ç½‘IP','Chrome','Windows 7','0','ç™»å½•æˆåŠŸ','2020-04-16 16:55:37'),(86,'admin','127.0.0.1','å†…ç½‘IP','Chrome','Windows 7','0','ç™»å½•æˆåŠŸ','2020-04-16 17:12:42'),(87,'admin','127.0.0.1','å†…ç½‘IP','Chrome','Windows 7','0','ç™»å½•æˆåŠŸ','2020-04-16 17:23:22'),(88,'admin','127.0.0.1','å†…ç½‘IP','Chrome','Windows 7','0','ç™»å½•æˆåŠŸ','2020-04-16 17:31:30'),(89,'admin','127.0.0.1','å†…ç½‘IP','Chrome','Windows 7','0','ç™»å½•æˆåŠŸ','2020-04-16 17:33:00'),(90,'admin','127.0.0.1','å†…ç½‘IP','Chrome','Windows 7','0','ç™»å½•æˆåŠŸ','2020-05-01 19:10:14'),(91,'admin','127.0.0.1','å†…ç½‘IP','Chrome','Windows 7','0','ç™»å½•æˆåŠŸ','2020-05-01 19:47:19'),(92,'admin','127.0.0.1','å†…ç½‘IP','Chrome','Windows 7','0','ç™»å½•æˆåŠŸ','2020-05-01 20:01:32'),(93,'admin','127.0.0.1','å†…ç½‘IP','Chrome','Windows 7','0','ç™»å½•æˆåŠŸ','2020-05-01 20:07:29'),(94,'admin','127.0.0.1','å†…ç½‘IP','Chrome','Windows 7','0','ç™»å½•æˆåŠŸ','2020-05-01 20:12:25'),(95,'admin','127.0.0.1','å†…ç½‘IP','Chrome','Windows 7','0','ç™»å½•æˆåŠŸ','2020-05-01 20:17:09'),(96,'admin','127.0.0.1','å†…ç½‘IP','Chrome','Windows 7','0','ç™»å½•æˆåŠŸ','2020-05-01 20:26:38'),(97,'admin','127.0.0.1','å†…ç½‘IP','Chrome','Windows 7','0','ç™»å½•æˆåŠŸ','2020-05-01 20:32:33'),(98,'admin','127.0.0.1','å†…ç½‘IP','Chrome','Windows 7','0','ç™»å½•æˆåŠŸ','2020-05-01 20:40:06'),(99,'admin','127.0.0.1','å†…ç½‘IP','Chrome','Windows 7','0','ç™»å½•æˆåŠŸ','2020-05-03 09:55:38'),(100,'admin','127.0.0.1','å†…ç½‘IP','Chrome','Windows 7','0','ç™»å½•æˆåŠŸ','2020-05-03 10:24:45'),(101,'admin','127.0.0.1','å†…ç½‘IP','Chrome','Windows 7','0','ç™»å½•æˆåŠŸ','2020-05-03 10:28:49'),(102,'admin','127.0.0.1','å†…ç½‘IP','Chrome','Windows 7','0','ç™»å½•æˆåŠŸ','2020-05-03 10:34:37'),(103,'admin','127.0.0.1','å†…ç½‘IP','Chrome','Windows 7','0','ç™»å½•æˆåŠŸ','2020-05-03 10:36:59'),(104,'admin','127.0.0.1','å†…ç½‘IP','Chrome','Windows 7','0','ç™»å½•æˆåŠŸ','2020-05-03 10:40:01'),(105,'admin','127.0.0.1','å†…ç½‘IP','Chrome','Windows 7','0','ç™»å½•æˆåŠŸ','2020-05-03 10:43:46'),(106,'admin','127.0.0.1','å†…ç½‘IP','Chrome','Windows 7','0','ç™»å½•æˆåŠŸ','2020-05-03 10:45:00'),(107,'admin','127.0.0.1','å†…ç½‘IP','Chrome','Windows 7','0','ç™»å½•æˆåŠŸ','2020-05-03 10:49:11'),(108,'admin','127.0.0.1','å†…ç½‘IP','Chrome','Windows 7','0','ç™»å½•æˆåŠŸ','2020-05-03 10:53:47'),(109,'admin','127.0.0.1','å†…ç½‘IP','Chrome','Windows 7','0','ç™»å½•æˆåŠŸ','2020-05-03 11:45:12'),(110,'admin','127.0.0.1','å†…ç½‘IP','Chrome','Windows 7','0','ç™»å½•æˆåŠŸ','2020-05-03 11:48:10'),(111,'admin','127.0.0.1','å†…ç½‘IP','Chrome','Windows 7','0','ç™»å½•æˆåŠŸ','2020-05-03 11:51:04'),(112,'admin','127.0.0.1','å†…ç½‘IP','Chrome','Windows 7','0','ç™»å½•æˆåŠŸ','2020-05-03 15:01:37'),(113,'admin','127.0.0.1','å†…ç½‘IP','Chrome','Windows 7','0','ç™»å½•æˆåŠŸ','2020-05-03 15:05:42'),(114,'admin','127.0.0.1','å†…ç½‘IP','Chrome','Windows 7','0','ç™»å½•æˆåŠŸ','2020-05-03 15:20:00'),(115,'admin','127.0.0.1','å†…ç½‘IP','Chrome','Windows 7','0','ç™»å½•æˆåŠŸ','2020-05-03 15:29:27'),(116,'admin','127.0.0.1','å†…ç½‘IP','Chrome','Windows 7','0','ç™»å½•æˆåŠŸ','2020-05-03 15:30:41'),(117,'admin','127.0.0.1','å†…ç½‘IP','Chrome','Windows 7','0','ç™»å½•æˆåŠŸ','2020-05-03 15:36:22'),(118,'admin','127.0.0.1','å†…ç½‘IP','Chrome','Windows 7','0','ç™»å½•æˆåŠŸ','2020-05-03 15:54:48'),(119,'admin','127.0.0.1','å†…ç½‘IP','Chrome','Windows 7','0','ç™»å½•æˆåŠŸ','2020-05-03 15:59:57'),(120,'admin','127.0.0.1','å†…ç½‘IP','Chrome','Windows 7','0','ç™»å½•æˆåŠŸ','2020-05-03 16:41:09'),(121,'admin','127.0.0.1','å†…ç½‘IP','Chrome','Windows 7','0','ç™»å½•æˆåŠŸ','2020-05-03 17:00:26'),(122,'admin','127.0.0.1','å†…ç½‘IP','Chrome','Windows 7','0','ç™»å½•æˆåŠŸ','2020-05-03 17:09:57'),(123,'admin','127.0.0.1','å†…ç½‘IP','Chrome','Windows 7','0','ç™»å½•æˆåŠŸ','2020-05-03 17:23:59'),(124,'admin','127.0.0.1','å†…ç½‘IP','Chrome','Windows 7','0','ç™»å½•æˆåŠŸ','2020-05-03 17:26:18'),(125,'admin','127.0.0.1','å†…ç½‘IP','Chrome','Windows 7','0','ç™»å½•æˆåŠŸ','2020-05-06 18:53:49'),(126,'admin','127.0.0.1','å†…ç½‘IP','Chrome','Windows 7','0','ç™»å½•æˆåŠŸ','2020-05-06 19:03:34'),(127,'admin','127.0.0.1','å†…ç½‘IP','Chrome','Windows 7','0','ç™»å½•æˆåŠŸ','2020-05-06 21:02:28'),(128,'admin','127.0.0.1','å†…ç½‘IP','Chrome','Windows 7','0','ç™»å½•æˆåŠŸ','2020-05-06 21:19:18'),(129,'admin','127.0.0.1','å†…ç½‘IP','Chrome','Windows 7','0','ç™»å½•æˆåŠŸ','2020-05-06 21:20:06'),(130,'admin','127.0.0.1','å†…ç½‘IP','Chrome','Windows 7','0','ç™»å½•æˆåŠŸ','2020-05-06 21:24:44'),(131,'admin','127.0.0.1','å†…ç½‘IP','Chrome','Windows 7','0','ç™»å½•æˆåŠŸ','2020-05-06 21:30:16'),(132,'admin','127.0.0.1','å†…ç½‘IP','Chrome','Windows 7','0','ç™»å½•æˆåŠŸ','2020-05-06 21:38:05'),(133,'admin','127.0.0.1','å†…ç½‘IP','Chrome','Windows 7','0','ç™»å½•æˆåŠŸ','2020-05-06 21:43:33'),(134,'admin','127.0.0.1','å†…ç½‘IP','Chrome','Windows 7','0','ç™»å½•æˆåŠŸ','2020-05-06 22:34:32'),(135,'admin','127.0.0.1','å†…ç½‘IP','Chrome','Windows 7','0','ç™»å½•æˆåŠŸ','2020-05-06 22:42:59'),(136,'admin','127.0.0.1','å†…ç½‘IP','Chrome','Windows 7','0','ç™»å½•æˆåŠŸ','2020-05-07 17:31:13'),(137,'admin','127.0.0.1','å†…ç½‘IP','Chrome','Windows 7','0','ç™»å½•æˆåŠŸ','2020-05-07 18:15:21'),(138,'admin','127.0.0.1','å†…ç½‘IP','Chrome','Windows 7','0','ç™»å½•æˆåŠŸ','2020-05-07 19:11:30'),(139,'admin','127.0.0.1','å†…ç½‘IP','Chrome','Windows 7','0','ç™»å½•æˆåŠŸ','2020-05-07 19:22:51'),(140,'admin','127.0.0.1','å†…ç½‘IP','Chrome','Windows 7','0','ç™»å½•æˆåŠŸ','2020-05-07 19:25:02'),(141,'admin','127.0.0.1','å†…ç½‘IP','Chrome','Windows 7','0','ç™»å½•æˆåŠŸ','2020-05-07 19:29:12'),(142,'admin','127.0.0.1','å†…ç½‘IP','Chrome','Windows 7','0','ç™»å½•æˆåŠŸ','2020-05-07 19:30:23'),(143,'admin','127.0.0.1','å†…ç½‘IP','Chrome','Windows 7','0','ç™»å½•æˆåŠŸ','2020-05-07 19:39:47'),(144,'admin','127.0.0.1','å†…ç½‘IP','Chrome','Windows 7','0','ç™»å½•æˆåŠŸ','2020-05-07 19:41:10'),(145,'admin','127.0.0.1','å†…ç½‘IP','Chrome','Windows 7','0','ç™»å½•æˆåŠŸ','2020-05-07 19:44:22'),(146,'admin','127.0.0.1','å†…ç½‘IP','Chrome','Windows 7','0','ç™»å½•æˆåŠŸ','2020-05-07 19:56:35'),(147,'admin','127.0.0.1','å†…ç½‘IP','Chrome','Windows 7','0','ç™»å½•æˆåŠŸ','2020-05-07 20:14:30'),(148,'admin','127.0.0.1','å†…ç½‘IP','Chrome','Windows 7','0','ç™»å½•æˆåŠŸ','2020-05-19 19:41:14'),(149,'admin','127.0.0.1','å†…ç½‘IP','Chrome','Windows 7','0','ç™»å½•æˆåŠŸ','2020-05-27 17:39:09'),(150,'admin','127.0.0.1','å†…ç½‘IP','Chrome','Windows 7','0','ç™»å½•æˆåŠŸ','2020-05-27 19:29:30'),(151,'admin','127.0.0.1','å†…ç½‘IP','Chrome','Windows 7','0','ç™»å½•æˆåŠŸ','2020-05-27 20:11:39'),(152,'admin','127.0.0.1','å†…ç½‘IP','Chrome','Windows 7','0','ç™»å½•æˆåŠŸ','2020-05-27 20:14:30'),(153,'admin','127.0.0.1','å†…ç½‘IP','Chrome','Windows 7','0','ç™»å½•æˆåŠŸ','2020-05-28 20:24:50'),(154,'admin','127.0.0.1','å†…ç½‘IP','Chrome','Windows 7','0','ç™»å½•æˆåŠŸ','2020-05-28 20:55:54'),(155,'admin','127.0.0.1','å†…ç½‘IP','Chrome','Windows 7','0','ç™»å½•æˆåŠŸ','2020-05-28 21:34:27'),(156,'admin','127.0.0.1','å†…ç½‘IP','Chrome','Windows 7','0','ç™»å½•æˆåŠŸ','2020-05-28 21:36:05'),(157,'admin','127.0.0.1','å†…ç½‘IP','Chrome','Windows 7','0','ç™»å½•æˆåŠŸ','2020-05-28 21:37:47'),(158,'admin','127.0.0.1','å†…ç½‘IP','Chrome','Windows 7','0','ç™»å½•æˆåŠŸ','2020-05-28 22:12:22'),(159,'admin','127.0.0.1','å†…ç½‘IP','Chrome','Windows 7','0','ç™»å½•æˆåŠŸ','2020-05-28 22:45:12'),(160,'admin','127.0.0.1','å†…ç½‘IP','Chrome','Windows 7','0','ç™»å½•æˆåŠŸ','2020-05-28 22:49:29'),(161,'admin','127.0.0.1','å†…ç½‘IP','Chrome','Windows 7','0','ç™»å½•æˆåŠŸ','2020-05-28 22:51:05'),(162,'admin','127.0.0.1','å†…ç½‘IP','Chrome','Windows 7','0','ç™»å½•æˆåŠŸ','2020-05-28 22:56:23'),(163,'admin','127.0.0.1','å†…ç½‘IP','Chrome','Windows 7','0','ç™»å½•æˆåŠŸ','2020-05-29 08:37:05'),(164,'admin','127.0.0.1','å†…ç½‘IP','Chrome','Windows 7','0','ç™»å½•æˆåŠŸ','2020-05-29 10:07:11'),(165,'admin','127.0.0.1','å†…ç½‘IP','Chrome','Windows 7','0','ç™»å½•æˆåŠŸ','2020-05-29 10:33:36'),(166,'admin','127.0.0.1','å†…ç½‘IP','Chrome','Windows 7','0','ç™»å½•æˆåŠŸ','2020-05-29 10:51:50'),(167,'admin','127.0.0.1','å†…ç½‘IP','Chrome','Windows 7','0','ç™»å½•æˆåŠŸ','2020-05-29 11:00:23'),(168,'admin','127.0.0.1','å†…ç½‘IP','Chrome','Windows 7','0','ç™»å½•æˆåŠŸ','2020-05-29 11:03:41'),(169,'admin','127.0.0.1','å†…ç½‘IP','Chrome','Windows 7','0','ç™»å½•æˆåŠŸ','2020-05-29 11:22:34'),(170,'admin','127.0.0.1','å†…ç½‘IP','Chrome','Windows 7','0','ç™»å½•æˆåŠŸ','2020-05-29 12:23:59'),(171,'admin','127.0.0.1','å†…ç½‘IP','Chrome','Windows 7','0','ç™»å½•æˆåŠŸ','2020-05-29 12:38:20'),(172,'admin','127.0.0.1','å†…ç½‘IP','Chrome','Windows 7','0','ç™»å½•æˆåŠŸ','2020-05-29 13:02:06'),(173,'admin','127.0.0.1','å†…ç½‘IP','Chrome','Windows 7','0','ç™»å½•æˆåŠŸ','2020-05-29 13:11:58'),(174,'admin','127.0.0.1','å†…ç½‘IP','Chrome','Windows 7','0','ç™»å½•æˆåŠŸ','2020-05-29 13:14:37'),(175,'admin','127.0.0.1','å†…ç½‘IP','Chrome','Windows 7','0','ç™»å½•æˆåŠŸ','2020-05-29 13:20:07'),(176,'admin','127.0.0.1','å†…ç½‘IP','Chrome','Windows 7','0','ç™»å½•æˆåŠŸ','2020-06-10 13:07:14'),(177,'admin','127.0.0.1','å†…ç½‘IP','Chrome','Windows 7','0','ç™»å½•æˆåŠŸ','2020-07-06 15:24:12'),(178,'admin','127.0.0.1','å†…ç½‘IP','Chrome','Windows 7','0','ç™»å½•æˆåŠŸ','2020-07-06 15:54:15'),(179,'admin','127.0.0.1','å†…ç½‘IP','Chrome','Windows 7','0','ç™»å½•æˆåŠŸ','2020-07-06 16:03:16'),(180,'admin','127.0.0.1','å†…ç½‘IP','Chrome','Windows 7','0','ç™»å½•æˆåŠŸ','2020-07-06 16:54:17'),(181,'admin','127.0.0.1','å†…ç½‘IP','Chrome','Windows 7','0','ç™»å½•æˆåŠŸ','2020-07-06 16:58:13'),(182,'admin','127.0.0.1','å†…ç½‘IP','Chrome','Windows 7','0','ç™»å½•æˆåŠŸ','2020-07-06 17:10:59'),(183,'admin','127.0.0.1','å†…ç½‘IP','Chrome','Windows 7','0','ç™»å½•æˆåŠŸ','2020-07-06 17:59:03'),(184,'admin','127.0.0.1','å†…ç½‘IP','Chrome','Windows 7','0','ç™»å½•æˆåŠŸ','2020-07-06 18:04:26'),(185,'admin','127.0.0.1','å†…ç½‘IP','Chrome','Windows 7','0','ç™»å½•æˆåŠŸ','2020-07-06 18:07:44'),(186,'admin','127.0.0.1','å†…ç½‘IP','Chrome','Windows 7','0','ç™»å½•æˆåŠŸ','2020-07-06 18:12:06'),(187,'admin','127.0.0.1','å†…ç½‘IP','Chrome','Windows 7','0','ç™»å½•æˆåŠŸ','2020-07-06 18:17:34'),(188,'admin','127.0.0.1','å†…ç½‘IP','Chrome','Windows 7','0','ç™»å½•æˆåŠŸ','2020-07-06 18:45:06'),(189,'admin','127.0.0.1','å†…ç½‘IP','Chrome','Windows 7','0','ç™»å½•æˆåŠŸ','2020-07-06 18:48:57'),(190,'admin','127.0.0.1','å†…ç½‘IP','Chrome 8','Windows 10','0','ç™»å½•æˆåŠŸ','2020-07-06 21:17:44'),(191,'admin','127.0.0.1','å†…ç½‘IP','Chrome 8','Windows 10','0','ç™»å½•æˆåŠŸ','2020-07-06 21:34:05'),(192,'admin','127.0.0.1','å†…ç½‘IP','Chrome 8','Windows 10','0','ç™»å½•æˆåŠŸ','2020-07-06 22:04:38'),(193,'admin','127.0.0.1','å†…ç½‘IP','Chrome 8','Windows 10','0','ç™»å½•æˆåŠŸ','2020-07-27 23:42:58'),(194,'admin','127.0.0.1','å†…ç½‘IP','Chrome 8','Windows 10','0','ç™»å½•æˆåŠŸ','2020-07-27 23:49:16'),(195,'admin','127.0.0.1','å†…ç½‘IP','Chrome 8','Windows 10','0','ç™»å½•æˆåŠŸ','2020-07-31 16:36:10'),(196,'admin','127.0.0.1','å†…ç½‘IP','Chrome 8','Windows 10','0','ç™»å½•æˆåŠŸ','2020-09-04 21:23:18'),(197,'admin','127.0.0.1','å†…ç½‘IP','Chrome 8','Windows 10','0','ç™»å½•æˆåŠŸ','2020-09-07 22:57:58'),(198,'admin','127.0.0.1','å†…ç½‘IP','Chrome 8','Windows 10','0','ç™»å½•æˆåŠŸ','2020-09-12 10:40:13'),(199,'admin','127.0.0.1','å†…ç½‘IP','Chrome 8','Windows 10','0','ç™»å½•æˆåŠŸ','2020-09-12 10:45:48'),(200,'admin','127.0.0.1','å†…ç½‘IP','Chrome 8','Windows 10','0','ç™»å½•æˆåŠŸ','2020-09-14 21:35:01'),(201,'admin','127.0.0.1','å†…ç½‘IP','Chrome 8','Windows 10','0','ç™»å½•æˆåŠŸ','2020-09-16 13:52:23'),(202,'admin','127.0.0.1','å†…ç½‘IP','Chrome 8','Windows 10','0','ç™»å½•æˆåŠŸ','2020-09-29 11:07:38'),(203,'admin','127.0.0.1','å†…ç½‘IP','Chrome 8','Windows 10','0','ç™»å½•æˆåŠŸ','2020-10-20 20:36:28'),(204,'admin','127.0.0.1','å†…ç½‘IP','Chrome 8','Windows 10','0','ç™»å½•æˆåŠŸ','2020-10-20 21:34:23'),(205,'admin','127.0.0.1','å†…ç½‘IP','Chrome 8','Windows 10','0','ç™»å½•æˆåŠŸ','2020-10-20 21:35:51'),(206,'admin','127.0.0.1','å†…ç½‘IP','Chrome 8','Windows 10','0','ç™»å½•æˆåŠŸ','2020-10-20 21:39:46'),(207,'admin','127.0.0.1','å†…ç½‘IP','Chrome 8','Windows 10','0','ç™»å½•æˆåŠŸ','2020-10-20 21:44:14'),(208,'admin','127.0.0.1','å†…ç½‘IP','Chrome 8','Windows 10','0','ç™»å½•æˆåŠŸ','2020-10-20 21:47:10'),(209,'admin','127.0.0.1','å†…ç½‘IP','Chrome 8','Windows 10','0','ç™»å½•æˆåŠŸ','2020-10-20 21:53:48'),(210,'admin','127.0.0.1','å†…ç½‘IP','Chrome 8','Windows 10','0','ç™»å½•æˆåŠŸ','2020-10-20 21:56:11'),(211,'admin','127.0.0.1','å†…ç½‘IP','Chrome 8','Windows 10','0','ç™»å½•æˆåŠŸ','2020-10-20 22:00:06'),(212,'admin','127.0.0.1','å†…ç½‘IP','Chrome 8','Windows 10','0','ç™»å½•æˆåŠŸ','2020-10-20 22:14:08'),(213,'admin','127.0.0.1','å†…ç½‘IP','Chrome 8','Windows 10','0','ç™»å½•æˆåŠŸ','2020-10-20 22:18:39'),(214,'admin','127.0.0.1','å†…ç½‘IP','Chrome 8','Windows 10','0','ç™»å½•æˆåŠŸ','2020-10-20 22:23:10'),(215,'admin','127.0.0.1','å†…ç½‘IP','Chrome 8','Windows 10','0','ç™»å½•æˆåŠŸ','2020-10-20 22:25:44'),(216,'admin','127.0.0.1','å†…ç½‘IP','Chrome 8','Windows 10','0','ç™»å½•æˆåŠŸ','2020-10-20 22:27:52'),(217,'admin','127.0.0.1','å†…ç½‘IP','Chrome 8','Windows 10','0','ç™»å½•æˆåŠŸ','2020-10-20 22:30:48'),(218,'admin','127.0.0.1','å†…ç½‘IP','Chrome 8','Windows 10','0','ç™»å½•æˆåŠŸ','2020-10-20 22:38:35'),(219,'admin','127.0.0.1','å†…ç½‘IP','Chrome 8','Windows 10','0','ç™»å½•æˆåŠŸ','2020-10-20 22:40:05'),(220,'admin','127.0.0.1','å†…ç½‘IP','Chrome 8','Windows 10','0','ç™»å½•æˆåŠŸ','2020-10-20 22:46:26'),(221,'admin','127.0.0.1','å†…ç½‘IP','Chrome 8','Windows 10','0','ç™»å½•æˆåŠŸ','2020-10-20 22:48:38'),(222,'admin','127.0.0.1','å†…ç½‘IP','Chrome 8','Windows 10','0','ç™»å½•æˆåŠŸ','2020-10-22 20:02:31'),(223,'admin','127.0.0.1','å†…ç½‘IP','Chrome 8','Windows 10','0','ç™»å½•æˆåŠŸ','2020-11-03 13:44:58'),(224,'admin','127.0.0.1','å†…ç½‘IP','Chrome 8','Windows 10','0','ç™»å½•æˆåŠŸ','2020-11-03 15:48:12'),(225,'admin','127.0.0.1','å†…ç½‘IP','Chrome 8','Windows 10','0','ç™»å½•æˆåŠŸ','2020-11-03 17:47:32'),(226,'admin','127.0.0.1','å†…ç½‘IP','Chrome 8','Windows 10','0','ç™»å½•æˆåŠŸ','2020-11-03 20:01:28'),(227,'admin','127.0.0.1','å†…ç½‘IP','Chrome 8','Windows 10','0','ç™»å½•æˆåŠŸ','2020-11-03 20:08:32'),(228,'admin','127.0.0.1','å†…ç½‘IP','Chrome 8','Windows 10','0','ç™»å½•æˆåŠŸ','2020-11-03 20:12:34'),(229,'admin','127.0.0.1','å†…ç½‘IP','Chrome 8','Windows 10','0','ç™»å½•æˆåŠŸ','2020-11-13 20:29:36'),(230,'admin','127.0.0.1','å†…ç½‘IP','Chrome 8','Windows 10','0','ç™»å½•æˆåŠŸ','2020-11-13 22:06:55'),(231,'admin','127.0.0.1','å†…ç½‘IP','Chrome 8','Windows 10','0','ç™»å½•æˆåŠŸ','2020-11-20 21:37:42'),(232,'admin','127.0.0.1','å†…ç½‘IP','Chrome 8','Windows 10','0','ç™»å½•æˆåŠŸ','2020-11-20 22:11:44'),(233,'admin','127.0.0.1','å†…ç½‘IP','Chrome 8','Windows 10','0','ç™»å½•æˆåŠŸ','2020-11-20 22:24:48'),(234,'admin','127.0.0.1','å†…ç½‘IP','Chrome 8','Windows 10','0','ç™»å½•æˆåŠŸ','2020-11-20 22:31:37'),(235,'admin','127.0.0.1','å†…ç½‘IP','Chrome 8','Windows 10','0','ç™»å½•æˆåŠŸ','2020-11-20 22:36:16'),(236,'admin','127.0.0.1','å†…ç½‘IP','Chrome 8','Windows 10','0','ç™»å½•æˆåŠŸ','2020-11-20 22:59:41'),(237,'admin','127.0.0.1','å†…ç½‘IP','Chrome 8','Windows 10','0','ç™»å½•æˆåŠŸ','2020-11-20 23:37:39'),(238,'admin','127.0.0.1','å†…ç½‘IP','Chrome 8','Windows 10','0','ç™»å½•æˆåŠŸ','2020-11-21 00:14:02'),(239,'admin','127.0.0.1','å†…ç½‘IP','Chrome 8','Windows 10','0','ç™»å½•æˆåŠŸ','2020-11-21 10:39:14'),(240,'admin','127.0.0.1','å†…ç½‘IP','Chrome 8','Windows 10','0','ç™»å½•æˆåŠŸ','2020-11-21 15:07:34'),(241,'admin','127.0.0.1','å†…ç½‘IP','Chrome 9','Windows 10','0','ç™»å½•æˆåŠŸ','2021-08-19 21:18:30'),(242,'admin','127.0.0.1','å†…ç½‘IP','Chrome 9','Windows 10','0','ç™»å½•æˆåŠŸ','2021-08-20 16:04:58'),(243,'admin','127.0.0.1','å†…ç½‘IP','Chrome 9','Windows 10','0','ç™»å½•æˆåŠŸ','2021-08-23 09:11:28'),(244,'admin','127.0.0.1','å†…ç½‘IP','Chrome 9','Windows 10','0','ç™»å½•æˆåŠŸ','2021-08-23 09:47:16'),(245,'admin','127.0.0.1','å†…ç½‘IP','Chrome 9','Windows 10','0','ç™»å½•æˆåŠŸ','2021-08-23 10:20:14'),(246,'admin','127.0.0.1','å†…ç½‘IP','Chrome 9','Windows 10','0','ç™»å½•æˆåŠŸ','2021-08-23 10:29:57'),(247,'admin','127.0.0.1','å†…ç½‘IP','Chrome 9','Windows 10','0','ç™»å½•æˆåŠŸ','2021-08-23 10:35:15'),(248,'admin','127.0.0.1','å†…ç½‘IP','Chrome 9','Windows 10','0','ç™»å½•æˆåŠŸ','2021-08-23 10:50:10'),(249,'admin','127.0.0.1','å†…ç½‘IP','Chrome 9','Windows 10','0','ç™»å½•æˆåŠŸ','2021-08-23 11:39:44'),(250,'admin','127.0.0.1','å†…ç½‘IP','Chrome 9','Windows 10','0','ç™»å½•æˆåŠŸ','2021-08-23 11:46:16'),(251,'admin','127.0.0.1','å†…ç½‘IP','Chrome 9','Windows 10','0','ç™»å½•æˆåŠŸ','2021-08-23 11:56:30'),(252,'admin','127.0.0.1','å†…ç½‘IP','Chrome 9','Windows 10','0','ç™»å½•æˆåŠŸ','2021-08-23 12:03:18'),(253,'admin','127.0.0.1','å†…ç½‘IP','Chrome 9','Windows 10','0','ç™»å½•æˆåŠŸ','2021-08-23 12:57:47'),(254,'admin','127.0.0.1','å†…ç½‘IP','Chrome 9','Windows 10','0','ç™»å½•æˆåŠŸ','2021-08-23 14:34:01'),(255,'admin','127.0.0.1','å†…ç½‘IP','Chrome 9','Windows 10','0','ç™»å½•æˆåŠŸ','2021-08-24 14:45:29'),(256,'admin','127.0.0.1','å†…ç½‘IP','Chrome 9','Windows 10','0','ç™»å½•æˆåŠŸ','2021-08-24 14:49:03'),(257,'admin','127.0.0.1','å†…ç½‘IP','Chrome 9','Windows 10','0','ç™»å½•æˆåŠŸ','2021-08-24 14:51:45'),(258,'admin','127.0.0.1','å†…ç½‘IP','Chrome 9','Windows 10','0','ç™»å½•æˆåŠŸ','2021-08-24 16:21:27'),(259,'admin','127.0.0.1','å†…ç½‘IP','Chrome 9','Windows 10','0','ç™»å½•æˆåŠŸ','2021-08-24 16:51:41'),(260,'admin','127.0.0.1','å†…ç½‘IP','Chrome 9','Windows 10','0','ç™»å½•æˆåŠŸ','2021-08-24 20:34:24'),(261,'admin','127.0.0.1','å†…ç½‘IP','Chrome 9','Windows 10','0','ç™»å½•æˆåŠŸ','2021-08-25 08:49:40'),(262,'admin','127.0.0.1','å†…ç½‘IP','Chrome 9','Windows 10','0','ç™»å½•æˆåŠŸ','2021-08-25 10:01:13'),(263,'admin','127.0.0.1','å†…ç½‘IP','Chrome 9','Windows 10','0','ç™»å½•æˆåŠŸ','2021-08-25 11:04:11'),(264,'admin','127.0.0.1','å†…ç½‘IP','Chrome 9','Windows 10','0','ç™»å½•æˆåŠŸ','2021-08-25 11:13:17'),(265,'admin','127.0.0.1','å†…ç½‘IP','Chrome 9','Windows 10','0','ç™»å½•æˆåŠŸ','2021-08-25 11:17:56'),(266,'admin','127.0.0.1','å†…ç½‘IP','Chrome 9','Windows 10','0','ç™»å½•æˆåŠŸ','2021-08-25 12:13:32'),(267,'admin','127.0.0.1','å†…ç½‘IP','Chrome 9','Windows 10','0','ç™»å½•æˆåŠŸ','2021-08-25 14:24:08'),(268,'admin','127.0.0.1','å†…ç½‘IP','Chrome 9','Windows 10','0','ç™»å½•æˆåŠŸ','2021-08-25 14:57:11'),(269,'admin','127.0.0.1','å†…ç½‘IP','Chrome 9','Windows 10','0','ç™»å½•æˆåŠŸ','2021-08-25 16:29:15'),(270,'admin','127.0.0.1','å†…ç½‘IP','Chrome 9','Windows 10','0','é€€å‡ºæˆåŠŸ','2021-08-25 16:33:28'),(271,'admin','127.0.0.1','å†…ç½‘IP','Chrome 9','Windows 10','0','ç™»å½•æˆåŠŸ','2021-08-26 14:16:01'),(272,'admin','127.0.0.1','å†…ç½‘IP','Chrome 9','Windows 10','0','ç™»å½•æˆåŠŸ','2021-08-26 14:58:29'),(273,'admin','127.0.0.1','å†…ç½‘IP','Chrome 9','Windows 10','0','ç™»å½•æˆåŠŸ','2021-08-26 16:12:57'),(274,'admin','127.0.0.1','å†…ç½‘IP','Chrome 9','Windows 10','0','ç™»å½•æˆåŠŸ','2021-08-27 10:05:38'),(275,'admin','127.0.0.1','å†…ç½‘IP','Chrome 9','Windows 10','0','ç™»å½•æˆåŠŸ','2021-08-27 10:55:31'),(276,'admin','127.0.0.1','å†…ç½‘IP','Chrome 9','Windows 10','0','ç™»å½•æˆåŠŸ','2021-08-27 11:46:01'),(277,'admin','127.0.0.1','å†…ç½‘IP','Chrome 9','Windows 10','0','ç™»å½•æˆåŠŸ','2021-08-27 13:30:01'),(278,'admin','127.0.0.1','å†…ç½‘IP','Chrome 9','Windows 10','0','ç™»å½•æˆåŠŸ','2021-08-27 13:34:48'),(279,'admin','127.0.0.1','å†…ç½‘IP','Chrome 9','Windows 10','0','ç™»å½•æˆåŠŸ','2021-08-27 13:50:09'),(280,'admin','127.0.0.1','å†…ç½‘IP','Chrome 9','Windows 10','0','ç™»å½•æˆåŠŸ','2021-08-27 14:18:26'),(281,'admin','127.0.0.1','å†…ç½‘IP','Chrome 9','Windows 10','0','ç™»å½•æˆåŠŸ','2021-08-27 14:22:38'),(282,'admin','127.0.0.1','å†…ç½‘IP','Chrome 9','Windows 10','0','ç™»å½•æˆåŠŸ','2021-08-27 15:22:41'),(283,'admin','127.0.0.1','å†…ç½‘IP','Chrome 9','Windows 10','0','ç™»å½•æˆåŠŸ','2021-08-27 15:47:58'),(284,'admin','127.0.0.1','å†…ç½‘IP','Chrome 9','Windows 10','0','ç™»å½•æˆåŠŸ','2021-08-28 10:04:13'),(285,'admin','127.0.0.1','å†…ç½‘IP','Chrome 9','Windows 10','0','ç™»å½•æˆåŠŸ','2021-08-28 11:26:41'),(286,'admin','127.0.0.1','å†…ç½‘IP','Chrome 9','Windows 10','0','ç™»å½•æˆåŠŸ','2021-08-28 11:50:22'),(287,'admin','127.0.0.1','å†…ç½‘IP','Chrome 9','Windows 10','0','ç™»å½•æˆåŠŸ','2021-08-28 12:09:37'),(288,'admin','127.0.0.1','å†…ç½‘IP','Chrome 9','Windows 10','0','ç™»å½•æˆåŠŸ','2021-08-28 12:11:20'),(289,'admin','127.0.0.1','å†…ç½‘IP','Chrome 9','Windows 10','0','ç™»å½•æˆåŠŸ','2021-08-28 13:47:36'),(290,'admin','127.0.0.1','å†…ç½‘IP','Chrome 9','Windows 10','0','ç™»å½•æˆåŠŸ','2021-08-28 14:03:48'),(291,'admin','127.0.0.1','å†…ç½‘IP','Chrome 9','Windows 10','0','ç™»å½•æˆåŠŸ','2021-08-28 14:15:33'),(292,'admin','127.0.0.1','å†…ç½‘IP','Chrome 9','Windows 10','0','ç™»å½•æˆåŠŸ','2021-08-28 14:34:30'),(293,'admin','127.0.0.1','å†…ç½‘IP','Chrome 9','Windows 10','0','ç™»å½•æˆåŠŸ','2021-08-28 14:43:09'),(294,'admin','127.0.0.1','å†…ç½‘IP','Chrome 9','Windows 10','0','ç™»å½•æˆåŠŸ','2021-08-28 15:00:23'),(295,'admin','127.0.0.1','å†…ç½‘IP','Chrome 9','Windows 10','0','ç™»å½•æˆåŠŸ','2021-08-28 15:24:11'),(296,'admin','127.0.0.1','å†…ç½‘IP','Chrome 9','Windows 10','0','ç™»å½•æˆåŠŸ','2021-08-28 15:27:07'),(297,'admin','127.0.0.1','å†…ç½‘IP','Chrome 9','Windows 10','0','é€€å‡ºæˆåŠŸ','2021-08-28 15:51:22'),(298,'admin','127.0.0.1','å†…ç½‘IP','Chrome 9','Windows 10','0','é€€å‡ºæˆåŠŸ','2021-08-28 16:09:12'),(299,'user','127.0.0.1','å†…ç½‘IP','Chrome 9','Windows 10','0','ç™»å½•æˆåŠŸ','2021-08-28 16:09:21'),(300,'user','127.0.0.1','å†…ç½‘IP','Chrome 9','Windows 10','0','é€€å‡ºæˆåŠŸ','2021-08-28 16:28:49'),(301,'admin','127.0.0.1','å†…ç½‘IP','Chrome 9','Windows 10','0','ç™»å½•æˆåŠŸ','2021-08-28 16:38:22'),(302,'admin','127.0.0.1','å†…ç½‘IP','Chrome 9','Windows 10','0','é€€å‡ºæˆåŠŸ','2021-08-28 16:39:17'),(303,'admin','127.0.0.1','å†…ç½‘IP','Chrome 9','Windows 10','0','ç™»å½•æˆåŠŸ','2021-08-31 09:04:05'),(304,'admin','127.0.0.1','å†…ç½‘IP','Chrome 9','Windows 10','0','ç™»å½•æˆåŠŸ','2021-08-31 09:30:33'),(305,'admin','127.0.0.1','å†…ç½‘IP','Chrome 9','Windows 10','0','ç™»å½•æˆåŠŸ','2021-08-31 10:18:50'),(306,'admin','127.0.0.1','å†…ç½‘IP','Chrome 9','Windows 10','0','ç™»å½•æˆåŠŸ','2021-08-31 11:06:36'),(307,'admin','127.0.0.1','å†…ç½‘IP','Chrome 9','Windows 10','0','é€€å‡ºæˆåŠŸ','2021-08-31 11:08:36'),(308,'admin','127.0.0.1','å†…ç½‘IP','Chrome 9','Windows 10','0','ç™»å½•æˆåŠŸ','2021-08-31 11:49:48'),(309,'admin','127.0.0.1','å†…ç½‘IP','Chrome 9','Windows 10','0','ç™»å½•æˆåŠŸ','2021-08-31 14:38:57'),(310,'admin','127.0.0.1','å†…ç½‘IP','Chrome 9','Windows 10','0','ç™»å½•æˆåŠŸ','2021-08-31 14:42:16'),(311,'admin','127.0.0.1','å†…ç½‘IP','Chrome 9','Windows 10','0','ç™»å½•æˆåŠŸ','2021-08-31 14:52:00'),(312,'admin','127.0.0.1','å†…ç½‘IP','Chrome 9','Windows 10','0','ç™»å½•æˆåŠŸ','2021-08-31 15:14:21'),(313,'admin','127.0.0.1','å†…ç½‘IP','Chrome 9','Windows 10','0','ç™»å½•æˆåŠŸ','2021-09-01 10:30:43'),(314,'admin','127.0.0.1','å†…ç½‘IP','Chrome 9','Windows 10','0','ç™»å½•æˆåŠŸ','2021-09-01 10:35:56'),(315,'admin','127.0.0.1','å†…ç½‘IP','Chrome 9','Windows 10','0','ç™»å½•æˆåŠŸ','2021-09-01 10:43:28'),(316,'admin','127.0.0.1','å†…ç½‘IP','Chrome 9','Windows 10','0','ç™»å½•æˆåŠŸ','2021-09-01 11:38:58'),(317,'admin','127.0.0.1','å†…ç½‘IP','Chrome 9','Windows 10','0','ç™»å½•æˆåŠŸ','2021-09-01 13:56:53'),(318,'admin','127.0.0.1','å†…ç½‘IP','Chrome 9','Windows 10','0','ç™»å½•æˆåŠŸ','2021-09-01 15:57:55'),(319,'admin','127.0.0.1','å†…ç½‘IP','Chrome 9','Windows 10','0','ç™»å½•æˆåŠŸ','2021-09-01 21:26:09'),(320,'admin','127.0.0.1','å†…ç½‘IP','Chrome 9','Windows 10','0','ç™»å½•æˆåŠŸ','2021-09-02 10:46:50'),(321,'admin','127.0.0.1','å†…ç½‘IP','Chrome 9','Windows 10','0','ç™»å½•æˆåŠŸ','2021-09-02 10:53:07'),(322,'admin','127.0.0.1','å†…ç½‘IP','Chrome 9','Windows 10','0','ç™»å½•æˆåŠŸ','2021-09-03 17:02:41'),(323,'admin','127.0.0.1','å†…ç½‘IP','Chrome 9','Windows 10','0','ç™»å½•æˆåŠŸ','2021-09-03 17:09:20'),(324,'admin','127.0.0.1','å†…ç½‘IP','Chrome 9','Windows 10','0','ç™»å½•æˆåŠŸ','2021-09-03 17:19:15'),(325,'admin','127.0.0.1','å†…ç½‘IP','Chrome 9','Windows 10','0','ç™»å½•æˆåŠŸ','2021-09-03 17:31:52'),(326,'admin','127.0.0.1','å†…ç½‘IP','Chrome 9','Windows 10','0','ç™»å½•æˆåŠŸ','2021-09-06 10:16:08'),(327,'admin','127.0.0.1','å†…ç½‘IP','Chrome 9','Windows 10','0','ç™»å½•æˆåŠŸ','2021-09-06 11:18:20'),(328,'admin','127.0.0.1','å†…ç½‘IP','Chrome 9','Windows 10','0','ç™»å½•æˆåŠŸ','2021-09-14 10:02:29'),(329,'admin','127.0.0.1','å†…ç½‘IP','Chrome 9','Windows 10','0','ç™»å½•æˆåŠŸ','2021-09-14 10:29:19'),(330,'admin','127.0.0.1','å†…ç½‘IP','Chrome 9','Windows 10','0','ç™»å½•æˆåŠŸ','2021-09-14 10:58:48'),(331,'admin','127.0.0.1','å†…ç½‘IP','Chrome 9','Windows 10','0','ç™»å½•æˆåŠŸ','2021-09-15 09:42:49'),(332,'admin','127.0.0.1','å†…ç½‘IP','Chrome 9','Windows 10','0','ç™»å½•æˆåŠŸ','2021-09-16 09:18:49'),(333,'admin','127.0.0.1','å†…ç½‘IP','Chrome 9','Windows 10','0','ç™»å½•æˆåŠŸ','2021-09-16 10:15:45'),(334,'admin','127.0.0.1','å†…ç½‘IP','Chrome 9','Windows 10','0','ç™»å½•æˆåŠŸ','2021-10-13 09:49:16'),(335,'admin','127.0.0.1','å†…ç½‘IP','Chrome 9','Windows 10','0','ç™»å½•æˆåŠŸ','2021-10-14 09:25:01'),(336,'admin','127.0.0.1','å†…ç½‘IP','Chrome 9','Windows 10','0','ç™»å½•æˆåŠŸ','2021-10-14 10:46:42'),(337,'admin','127.0.0.1','å†…ç½‘IP','Chrome 9','Windows 10','0','ç™»å½•æˆåŠŸ','2021-10-14 17:32:53'),(338,'admin','127.0.0.1','å†…ç½‘IP','Chrome 9','Windows 10','0','ç™»å½•æˆåŠŸ','2021-10-14 18:56:32'),(339,'admin','127.0.0.1','å†…ç½‘IP','Chrome 9','Windows 10','0','ç™»å½•æˆåŠŸ','2021-10-15 09:15:06'),(340,'admin','127.0.0.1','å†…ç½‘IP','Chrome 9','Windows 10','0','ç™»å½•æˆåŠŸ','2021-10-15 11:04:19'),(341,'admin','127.0.0.1','å†…ç½‘IP','Chrome 9','Windows 10','0','ç™»å½•æˆåŠŸ','2021-10-15 11:06:35'),(342,'admin','127.0.0.1','å†…ç½‘IP','Chrome 9','Windows 10','0','ç™»å½•æˆåŠŸ','2021-10-15 11:20:02'),(343,'admin','127.0.0.1','å†…ç½‘IP','Chrome 9','Windows 10','0','ç™»å½•æˆåŠŸ','2021-10-15 11:28:30'),(344,'admin','127.0.0.1','å†…ç½‘IP','Chrome 9','Windows 10','0','ç™»å½•æˆåŠŸ','2021-10-15 13:32:56'),(345,'admin','127.0.0.1','å†…ç½‘IP','Chrome 9','Windows 10','0','ç™»å½•æˆåŠŸ','2021-10-18 08:54:59'),(346,'admin','127.0.0.1','å†…ç½‘IP','Chrome 9','Windows 10','0','ç™»å½•æˆåŠŸ','2021-10-18 10:05:50'),(347,'admin','127.0.0.1','å†…ç½‘IP','Chrome 9','Windows 10','0','ç™»å½•æˆåŠŸ','2021-10-18 10:28:40'),(348,'admin','127.0.0.1','å†…ç½‘IP','Chrome 9','Windows 10','0','ç™»å½•æˆåŠŸ','2021-10-18 11:19:11'),(349,'admin','127.0.0.1','å†…ç½‘IP','Chrome 9','Windows 10','0','ç™»å½•æˆåŠŸ','2021-10-18 11:31:16'),(350,'admin','127.0.0.1','å†…ç½‘IP','Chrome 9','Windows 10','0','ç™»å½•æˆåŠŸ','2021-10-18 15:14:08'),(351,'admin','127.0.0.1','å†…ç½‘IP','Chrome 9','Windows 10','0','ç™»å½•æˆåŠŸ','2021-10-20 09:01:49'),(352,'admin','127.0.0.1','å†…ç½‘IP','Chrome 9','Windows 10','0','ç™»å½•æˆåŠŸ','2021-10-20 09:32:59'),(353,'user','127.0.0.1','å†…ç½‘IP','Chrome 9','Windows 10','0','ç™»å½•æˆåŠŸ','2021-10-25 10:35:33'),(354,'user','127.0.0.1','å†…ç½‘IP','Chrome 9','Windows 10','0','ç™»å½•æˆåŠŸ','2021-10-25 10:39:49'),(355,'user','127.0.0.1','å†…ç½‘IP','Chrome 9','Windows 10','0','ç™»å½•æˆåŠŸ','2021-10-26 20:46:33'),(356,'user','127.0.0.1','å†…ç½‘IP','Chrome 9','Windows 10','0','ç™»å½•æˆåŠŸ','2021-10-28 12:05:03'),(357,'admin','127.0.0.1','å†…ç½‘IP','Chrome 9','Windows 10','0','ç™»å½•æˆåŠŸ','2021-10-28 17:09:07'),(358,'user','127.0.0.1','å†…ç½‘IP','Chrome 9','Windows 10','0','ç™»å½•æˆåŠŸ','2021-11-02 09:14:05'),(359,'admin','127.0.0.1','å†…ç½‘IP','Chrome 9','Windows 10','0','ç™»å½•æˆåŠŸ','2021-11-15 15:40:40');

/*Table structure for table `sys_menu` */

DROP TABLE IF EXISTS `sys_menu`;

CREATE TABLE `sys_menu` (
  `menu_id` bigint(20) NOT NULL AUTO_INCREMENT COMMENT 'èœå•ID',
  `menu_name` varchar(50) NOT NULL COMMENT 'èœå•åç§°',
  `parent_id` bigint(20) DEFAULT '0' COMMENT 'çˆ¶èœå•ID',
  `order_num` int(4) DEFAULT '0' COMMENT 'æ˜¾ç¤ºé¡ºåº',
  `url` varchar(200) DEFAULT '#' COMMENT 'è¯·æ±‚åœ°å€',
  `target` varchar(20) DEFAULT '' COMMENT 'æ‰“å¼€æ–¹å¼ï¼ˆmenuItemé¡µç­¾ menuBlankæ–°çª—å£ï¼‰',
  `menu_type` char(1) DEFAULT '' COMMENT 'èœå•ç±»å‹ï¼ˆMç›®å½• Cèœå• FæŒ‰é’®ï¼‰',
  `visible` char(1) DEFAULT '0' COMMENT 'èœå•çŠ¶æ€ï¼ˆ0æ˜¾ç¤º 1éšè—ï¼‰',
  `perms` varchar(100) DEFAULT NULL COMMENT 'æƒé™æ ‡è¯†',
  `icon` varchar(100) DEFAULT '#' COMMENT 'èœå•å›¾æ ‡',
  `create_by` varchar(64) DEFAULT '' COMMENT 'åˆ›å»ºè€…',
  `create_time` datetime DEFAULT NULL COMMENT 'åˆ›å»ºæ—¶é—´',
  `update_by` varchar(64) DEFAULT '' COMMENT 'æ›´æ–°è€…',
  `update_time` datetime DEFAULT NULL COMMENT 'æ›´æ–°æ—¶é—´',
  `remark` varchar(500) DEFAULT '' COMMENT 'å¤‡æ³¨',
  PRIMARY KEY (`menu_id`) USING BTREE
) ENGINE=InnoDB AUTO_INCREMENT=2130 DEFAULT CHARSET=utf8 ROW_FORMAT=COMPACT COMMENT='èœå•æƒé™è¡¨';

/*Data for the table `sys_menu` */

insert  into `sys_menu`(`menu_id`,`menu_name`,`parent_id`,`order_num`,`url`,`target`,`menu_type`,`visible`,`perms`,`icon`,`create_by`,`create_time`,`update_by`,`update_time`,`remark`) values (1,'ç³»ç»Ÿç®¡ç†',0,5,'#','menuItem','M','0','','fa fa-gear','sys','2019-08-07 16:59:17','sys','2019-08-07 16:59:17','ç³»ç»Ÿç®¡ç†ç›®å½•'),(2,'ç³»ç»Ÿç›‘æ§',0,6,'#','menuItem','M','0','','fa fa-video-camera','sys','2019-08-07 16:59:17','sys','2019-08-07 16:59:17','ç³»ç»Ÿç›‘æ§ç›®å½•'),(3,'ç³»ç»Ÿå·¥å…·',0,7,'#','menuItem','M','0','','fa fa-bars','sys','2019-08-07 16:59:17','sys','2019-08-07 16:59:17','ç³»ç»Ÿå·¥å…·ç›®å½•'),(100,'ç”¨æˆ·ç®¡ç†',1,3,'/system/user','menuItem','C','0','system:user:view','#','sys','2019-08-07 16:59:17','admin','2019-12-26 11:16:46','ç”¨æˆ·ç®¡ç†èœå•'),(101,'è§’è‰²ç®¡ç†',1,4,'/system/role','menuItem','C','0','system:role:view','#','sys','2019-08-07 16:59:17','admin','2019-12-26 11:23:20','è§’è‰²ç®¡ç†èœå•'),(102,'èœå•ç®¡ç†',1,6,'/system/menu','menuItem','C','0','system:menu:view','#','sys','2019-08-07 16:59:17','admin','2019-12-26 11:23:50','èœå•ç®¡ç†èœå•'),(103,'éƒ¨é—¨ç®¡ç†',1,2,'/system/dept','menuItem','C','0','system:dept:view','#','sys','2019-08-07 16:59:17','admin','2019-12-26 11:15:23','éƒ¨é—¨ç®¡ç†èœå•'),(104,'å²—ä½ç®¡ç†',1,5,'/system/post','','C','0','system:post:view','#','sys','2019-08-07 16:59:17','sys','2019-08-07 16:59:17','å²—ä½ç®¡ç†èœå•'),(105,'å­—å…¸ç®¡ç†',1,7,'/system/dict','menuItem','C','0','system:dict:view','#','sys','2019-08-07 16:59:17','admin','2019-12-26 11:23:59','å­—å…¸ç®¡ç†èœå•'),(106,'å‚æ•°è®¾ç½®',1,8,'/system/config','menuItem','C','0','system:config:view','#','sys','2019-08-07 16:59:17','admin','2019-12-26 11:24:07','å‚æ•°è®¾ç½®èœå•'),(107,'åˆ¶åº¦å…¬å‘Š',1,1,'/system/notice','menuItem','C','0','system:notice:view','#','sys','2019-08-07 16:59:17','admin','2019-12-19 13:49:01','é€šçŸ¥å…¬å‘Šèœå•'),(108,'æ—¥å¿—ç®¡ç†',1,9,'#','','M','0','','#','sys','2019-08-07 16:59:17','sys','2019-08-07 16:59:17','æ—¥å¿—ç®¡ç†èœå•'),(109,'åœ¨çº¿ç”¨æˆ·',2,1,'/monitor/online','','C','0','monitor:online:view','#','sys','2019-08-07 16:59:17','sys','2019-08-07 16:59:17','åœ¨çº¿ç”¨æˆ·èœå•'),(110,'å®šæ—¶ä»»åŠ¡',2,2,'/monitor/job','','C','0','monitor:job:view','#','sys','2019-08-07 16:59:17','sys','2019-08-07 16:59:17','å®šæ—¶ä»»åŠ¡èœå•'),(111,'æ•°æ®ç›‘æ§',2,3,'/monitor/data','','C','0','monitor:data:view','#','sys','2019-08-07 16:59:17','sys','2019-08-07 16:59:17','æ•°æ®ç›‘æ§èœå•'),(112,'æœåŠ¡ç›‘æ§',2,3,'/monitor/server','','C','0','monitor:server:view','#','sys','2019-08-07 16:59:17','sys','2019-08-07 16:59:17','æœåŠ¡ç›‘æ§èœå•'),(113,'è¡¨å•æ„å»º',3,1,'/tool/build','','C','0','tool:build:view','#','sys','2019-08-07 16:59:17','sys','2019-08-07 16:59:17','è¡¨å•æ„å»ºèœå•'),(114,'ä»£ç ç”Ÿæˆ',3,2,'/tool/gen','','C','0','tool:gen:view','#','sys','2019-08-07 16:59:17','sys','2019-08-07 16:59:17','ä»£ç ç”Ÿæˆèœå•'),(115,'ç³»ç»Ÿæ¥å£',3,3,'/tool/swagger','','C','0','tool:swagger:view','#','sys','2019-08-07 16:59:17','sys','2019-08-07 16:59:17','ç³»ç»Ÿæ¥å£èœå•'),(500,'æ“ä½œæ—¥å¿—',108,1,'/monitor/operlog','','C','0','monitor:operlog:view','#','sys','2019-08-07 16:59:17','sys','2019-08-07 16:59:17','æ“ä½œæ—¥å¿—èœå•'),(501,'ç™»å½•æ—¥å¿—',108,2,'/monitor/logininfor','','C','0','monitor:logininfor:view','#','sys','2019-08-07 16:59:17','sys','2019-08-07 16:59:17','ç™»å½•æ—¥å¿—èœå•'),(1000,'ç”¨æˆ·æŸ¥è¯¢',100,1,'#','','F','0','system:user:list','#','sys','2019-08-07 16:59:17','sys','2019-08-07 16:59:17',''),(1001,'ç”¨æˆ·æ–°å¢',100,2,'#','','F','0','system:user:add','#','sys','2019-08-07 16:59:17','sys','2019-08-07 16:59:17',''),(1002,'ç”¨æˆ·ä¿®æ”¹',100,3,'#','','F','0','system:user:edit','#','sys','2019-08-07 16:59:17','sys','2019-08-07 16:59:17',''),(1003,'ç”¨æˆ·åˆ é™¤',100,4,'#','','F','0','system:user:remove','#','sys','2019-08-07 16:59:17','sys','2019-08-07 16:59:17',''),(1004,'ç”¨æˆ·å¯¼å‡º',100,5,'#','','F','0','system:user:export','#','sys','2019-08-07 16:59:17','sys','2019-08-07 16:59:17',''),(1005,'ç”¨æˆ·å¯¼å…¥',100,6,'#','','F','0','system:user:import','#','sys','2019-08-07 16:59:17','sys','2019-08-07 16:59:17',''),(1006,'é‡ç½®å¯†ç ',100,7,'#','','F','0','system:user:resetPwd','#','sys','2019-08-07 16:59:17','sys','2019-08-07 16:59:17',''),(1007,'è§’è‰²æŸ¥è¯¢',101,1,'#','','F','0','system:role:list','#','sys','2019-08-07 16:59:17','sys','2019-08-07 16:59:17',''),(1008,'è§’è‰²æ–°å¢',101,2,'#','','F','0','system:role:add','#','sys','2019-08-07 16:59:17','sys','2019-08-07 16:59:17',''),(1009,'è§’è‰²ä¿®æ”¹',101,3,'#','','F','0','system:role:edit','#','sys','2019-08-07 16:59:17','sys','2019-08-07 16:59:17',''),(1010,'è§’è‰²åˆ é™¤',101,4,'#','','F','0','system:role:remove','#','sys','2019-08-07 16:59:17','sys','2019-08-07 16:59:17',''),(1011,'è§’è‰²å¯¼å‡º',101,5,'#','','F','0','system:role:export','#','sys','2019-08-07 16:59:17','sys','2019-08-07 16:59:17',''),(1012,'èœå•æŸ¥è¯¢',102,1,'#','','F','0','system:menu:list','#','sys','2019-08-07 16:59:17','sys','2019-08-07 16:59:17',''),(1013,'èœå•æ–°å¢',102,2,'#','','F','0','system:menu:add','#','sys','2019-08-07 16:59:17','sys','2019-08-07 16:59:17',''),(1014,'èœå•ä¿®æ”¹',102,3,'#','','F','0','system:menu:edit','#','sys','2019-08-07 16:59:17','sys','2019-08-07 16:59:17',''),(1015,'èœå•åˆ é™¤',102,4,'#','','F','0','system:menu:remove','#','sys','2019-08-07 16:59:17','sys','2019-08-07 16:59:17',''),(1016,'éƒ¨é—¨æŸ¥è¯¢',103,1,'#','','F','0','system:dept:list','#','sys','2019-08-07 16:59:17','sys','2019-08-07 16:59:17',''),(1017,'éƒ¨é—¨æ–°å¢',103,2,'#','','F','0','system:dept:add','#','sys','2019-08-07 16:59:17','sys','2019-08-07 16:59:17',''),(1018,'éƒ¨é—¨ä¿®æ”¹',103,3,'#','','F','0','system:dept:edit','#','sys','2019-08-07 16:59:17','sys','2019-08-07 16:59:17',''),(1019,'éƒ¨é—¨åˆ é™¤',103,4,'#','','F','0','system:dept:remove','#','sys','2019-08-07 16:59:17','sys','2019-08-07 16:59:17',''),(1020,'å²—ä½æŸ¥è¯¢',104,1,'#','','F','0','system:post:list','#','sys','2019-08-07 16:59:17','sys','2019-08-07 16:59:17',''),(1021,'å²—ä½æ–°å¢',104,2,'#','','F','0','system:post:add','#','sys','2019-08-07 16:59:17','sys','2019-08-07 16:59:17',''),(1022,'å²—ä½ä¿®æ”¹',104,3,'#','','F','0','system:post:edit','#','sys','2019-08-07 16:59:17','sys','2019-08-07 16:59:17',''),(1023,'å²—ä½åˆ é™¤',104,4,'#','','F','0','system:post:remove','#','sys','2019-08-07 16:59:17','sys','2019-08-07 16:59:17',''),(1024,'å²—ä½å¯¼å‡º',104,5,'#','','F','0','system:post:export','#','sys','2019-08-07 16:59:17','sys','2019-08-07 16:59:17',''),(1025,'å­—å…¸æŸ¥è¯¢',105,1,'#','','F','0','system:dict:list','#','sys','2019-08-07 16:59:17','sys','2019-08-07 16:59:17',''),(1026,'å­—å…¸æ–°å¢',105,2,'#','','F','0','system:dict:add','#','sys','2019-08-07 16:59:17','sys','2019-08-07 16:59:17',''),(1027,'å­—å…¸ä¿®æ”¹',105,3,'#','','F','0','system:dict:edit','#','sys','2019-08-07 16:59:17','sys','2019-08-07 16:59:17',''),(1028,'å­—å…¸åˆ é™¤',105,4,'#','','F','0','system:dict:remove','#','sys','2019-08-07 16:59:17','sys','2019-08-07 16:59:17',''),(1029,'å­—å…¸å¯¼å‡º',105,5,'#','','F','0','system:dict:export','#','sys','2019-08-07 16:59:17','sys','2019-08-07 16:59:17',''),(1030,'å‚æ•°æŸ¥è¯¢',106,1,'#','','F','0','system:config:list','#','sys','2019-08-07 16:59:17','sys','2019-08-07 16:59:17',''),(1031,'å‚æ•°æ–°å¢',106,2,'#','','F','0','system:config:add','#','sys','2019-08-07 16:59:17','sys','2019-08-07 16:59:17',''),(1032,'å‚æ•°ä¿®æ”¹',106,3,'#','','F','0','system:config:edit','#','sys','2019-08-07 16:59:17','sys','2019-08-07 16:59:17',''),(1033,'å‚æ•°åˆ é™¤',106,4,'#','','F','0','system:config:remove','#','sys','2019-08-07 16:59:17','sys','2019-08-07 16:59:17',''),(1034,'å‚æ•°å¯¼å‡º',106,5,'#','','F','0','system:config:export','#','sys','2019-08-07 16:59:17','sys','2019-08-07 16:59:17',''),(1035,'å…¬å‘ŠæŸ¥è¯¢',107,1,'#','','F','0','system:notice:list','#','sys','2019-08-07 16:59:17','sys','2019-08-07 16:59:17',''),(1036,'å…¬å‘Šæ–°å¢',107,2,'#','','F','0','system:notice:add','#','sys','2019-08-07 16:59:17','sys','2019-08-07 16:59:17',''),(1037,'å…¬å‘Šä¿®æ”¹',107,3,'#','','F','0','system:notice:edit','#','sys','2019-08-07 16:59:17','sys','2019-08-07 16:59:17',''),(1038,'å…¬å‘Šåˆ é™¤',107,4,'#','','F','0','system:notice:remove','#','sys','2019-08-07 16:59:17','sys','2019-08-07 16:59:17',''),(1039,'æ“ä½œæŸ¥è¯¢',500,1,'#','','F','0','monitor:operlog:list','#','sys','2019-08-07 16:59:17','sys','2019-08-07 16:59:17',''),(1040,'æ“ä½œåˆ é™¤',500,2,'#','','F','0','monitor:operlog:remove','#','sys','2019-08-07 16:59:17','sys','2019-08-07 16:59:17',''),(1041,'è¯¦ç»†ä¿¡æ¯',500,3,'#','','F','0','monitor:operlog:detail','#','sys','2019-08-07 16:59:17','sys','2019-08-07 16:59:17',''),(1042,'æ—¥å¿—å¯¼å‡º',500,4,'#','','F','0','monitor:operlog:export','#','sys','2019-08-07 16:59:17','sys','2019-08-07 16:59:17',''),(1043,'ç™»å½•æŸ¥è¯¢',501,1,'#','','F','0','monitor:logininfor:list','#','sys','2019-08-07 16:59:17','sys','2019-08-07 16:59:17',''),(1044,'ç™»å½•åˆ é™¤',501,2,'#','','F','0','monitor:logininfor:remove','#','sys','2019-08-07 16:59:17','sys','2019-08-07 16:59:17',''),(1045,'æ—¥å¿—å¯¼å‡º',501,3,'#','','F','0','monitor:logininfor:export','#','sys','2019-08-07 16:59:17','sys','2019-08-07 16:59:17',''),(1046,'åœ¨çº¿æŸ¥è¯¢',109,1,'#','','F','0','monitor:online:list','#','sys','2019-08-07 16:59:17','sys','2019-08-07 16:59:17',''),(1047,'æ‰¹é‡å¼ºé€€',109,2,'#','','F','0','monitor:online:batchForceLogout','#','sys','2019-08-07 16:59:17','sys','2019-08-07 16:59:17',''),(1048,'å•æ¡å¼ºé€€',109,3,'#','','F','0','monitor:online:forceLogout','#','sys','2019-08-07 16:59:17','sys','2019-08-07 16:59:17',''),(1049,'ä»»åŠ¡æŸ¥è¯¢',110,1,'#','','F','0','monitor:job:list','#','sys','2019-08-07 16:59:17','sys','2019-08-07 16:59:17',''),(1050,'ä»»åŠ¡æ–°å¢',110,2,'#','','F','0','monitor:job:add','#','sys','2019-08-07 16:59:17','sys','2019-08-07 16:59:17',''),(1051,'ä»»åŠ¡ä¿®æ”¹',110,3,'#','','F','0','monitor:job:edit','#','sys','2019-08-07 16:59:17','sys','2019-08-07 16:59:17',''),(1052,'ä»»åŠ¡åˆ é™¤',110,4,'#','','F','0','monitor:job:remove','#','sys','2019-08-07 16:59:17','sys','2019-08-07 16:59:17',''),(1053,'çŠ¶æ€ä¿®æ”¹',110,5,'#','','F','0','monitor:job:changeStatus','#','sys','2019-08-07 16:59:17','sys','2019-08-07 16:59:17',''),(1054,'ä»»åŠ¡è¯¦ç»†',110,6,'#','','F','0','monitor:job:detail','#','sys','2019-08-07 16:59:17','sys','2019-08-07 16:59:17',''),(1055,'ä»»åŠ¡å¯¼å‡º',110,7,'#','','F','0','monitor:job:export','#','sys','2019-08-07 16:59:17','sys','2019-08-07 16:59:17',''),(1056,'ç”ŸæˆæŸ¥è¯¢',114,1,'#','','F','0','tool:gen:list','#','sys','2019-08-07 16:59:17','sys','2019-08-07 16:59:17',''),(1057,'ç”Ÿæˆä»£ç ',114,2,'#','','F','0','tool:gen:code','#','sys','2019-08-07 16:59:17','sys','2019-08-07 16:59:17',''),(2005,'å·¥ä½œå°',0,1,'#','menuItem','M','0','','fa fa-bank','sys','2019-08-07 16:59:17','admin','2019-12-27 16:41:29',''),(2008,'é¢„æµ‹ä¼˜åŒ–',2005,4,'/html/lims_echart','menuItem','C','0','','#','sys','2019-08-07 16:59:17','admin','2020-01-14 16:37:06',''),(2105,'æ•°æ®ç®¡ç†',2005,6,'/lims/recordData','menuItem','C','0','lims:recordData:view','#','admin','2019-12-19 13:48:13','admin','2020-03-19 21:38:38',''),(2106,'å·¥è‰ºå¯è§†',2005,3,'/html/lims_gy2','menuItem','C','0','','#','admin','2019-12-19 13:49:43','admin','2020-05-27 17:42:03',''),(2108,'æ¨¡å‹é…ç½®',2005,5,'/html/lims_trains','menuItem','C','0','','#','admin','2019-12-19 13:50:42','admin','2020-03-19 21:38:17',''),(2109,'æ•°æ®æŠ¥å‘Š',2005,7,'/html/lims_report1','menuItem','C','0','','#','admin','2019-12-19 13:51:26','admin','2020-05-28 20:25:27',''),(2110,'æ•°æ®3D',2005,2,'/html/lims_data3dview','menuItem','C','0','','#','admin','2019-12-27 12:57:21','admin','2020-01-09 11:38:47',''),(2112,'æ•°æ®æŸ¥è¯¢',2105,1,'#','','F','0','lims:recordData:list','#','admin','2018-03-01 00:00:00','ry','2018-03-01 00:00:00',''),(2113,'æ•°æ®æ–°å¢',2105,2,'#','','F','0','lims:recordData:add','#','admin','2018-03-01 00:00:00','ry','2018-03-01 00:00:00',''),(2114,'æ•°æ®ä¿®æ”¹',2105,3,'#','','F','0','lims:recordData:edit','#','admin','2018-03-01 00:00:00','ry','2018-03-01 00:00:00',''),(2115,'æ•°æ®åˆ é™¤',2105,4,'#','','F','0','lims:recordData:remove','#','admin','2018-03-01 00:00:00','ry','2018-03-01 00:00:00',''),(2116,'æ•°æ®å¯¼å…¥',2105,5,'#','menuItem','F','0','lims:recordData:import','#','admin','2019-12-27 15:55:39','admin','2019-12-27 15:56:05',''),(2117,'æ•°æ®å¯è§†',2005,1,'/html/lims_dataview','menuItem','C','0','','#','admin','2020-03-19 20:18:27','admin','2020-03-19 20:18:51',''),(2118,'ç”Ÿäº§çœ‹æ¿',2005,1,'/lims/produce','menuItem','C','1','lims:produce:view','#','admin','2018-03-01 00:00:00','admin','2020-05-29 11:24:49','ssssdèœå•'),(2119,'ç”Ÿäº§çœ‹æ¿æŸ¥è¯¢',2118,1,'#','','F','0','lims:produce:list','#','admin','2018-03-01 00:00:00','ry','2018-03-01 00:00:00',''),(2120,'ç”Ÿäº§çœ‹æ¿æ–°å¢',2118,2,'#','','F','0','lims:produce:add','#','admin','2018-03-01 00:00:00','ry','2018-03-01 00:00:00',''),(2121,'ç”Ÿäº§çœ‹æ¿ä¿®æ”¹',2118,3,'#','','F','0','lims:produce:edit','#','admin','2018-03-01 00:00:00','ry','2018-03-01 00:00:00',''),(2122,'ç”Ÿäº§çœ‹æ¿åˆ é™¤',2118,4,'#','','F','0','lims:produce:remove','#','admin','2018-03-01 00:00:00','ry','2018-03-01 00:00:00',''),(2123,'æ•°æ®ç®¡ç†',2005,8,'/lims/newworkModelData','menuItem','C','0','lims:newworkModelData:view','#','admin','2018-03-01 00:00:00','ry','2018-03-01 00:00:00','ç¥ç»ç½‘ç»œæ¨¡å‹æ•°æ®èœå•'),(2124,'æ•°æ®æŸ¥è¯¢',2123,1,'#','','F','0','lims:newworkModelData:list','#','admin','2018-03-01 00:00:00','ry','2018-03-01 00:00:00',''),(2125,'æ•°æ®æ–°å¢',2123,2,'#','','F','0','lims:newworkModelData:add','#','admin','2018-03-01 00:00:00','ry','2018-03-01 00:00:00',''),(2126,'æ•°æ®ä¿®æ”¹',2123,3,'#','','F','0','lims:newworkModelData:edit','#','admin','2018-03-01 00:00:00','ry','2018-03-01 00:00:00',''),(2127,'æ•°æ®åˆ é™¤',2123,4,'#','','F','0','lims:newworkModelData:remove','#','admin','2018-03-01 00:00:00','ry','2018-03-01 00:00:00',''),(2129,'é¢„æµ‹ç®¡ç†',2005,9,'/html/lims_echart1','menuItem','C','0',NULL,'#','admin','2021-10-13 10:04:45','',NULL,'');

/*Table structure for table `sys_msg_alarm` */

DROP TABLE IF EXISTS `sys_msg_alarm`;

CREATE TABLE `sys_msg_alarm` (
  `id` int(20) NOT NULL AUTO_INCREMENT COMMENT 'id',
  `message` varchar(255) DEFAULT NULL COMMENT 'æ¶ˆæ¯å†…å®¹',
  `frequence` int(1) DEFAULT NULL COMMENT 'æ¶ˆæ¯é¢‘ç‡',
  `alarm_time` varchar(10) DEFAULT NULL COMMENT 'æé†’æ—¶é—´',
  `next_time` date DEFAULT NULL COMMENT 'ä¸‹æ¬¡æé†’æ—¥æœŸ',
  `status` int(1) DEFAULT NULL COMMENT 'å¯ç”¨çŠ¶æ€',
  `remark` varchar(255) DEFAULT NULL COMMENT 'å¤‡æ³¨',
  `create_by` varchar(64) DEFAULT NULL COMMENT 'åˆ›å»ºäººå‘˜',
  `create_time` datetime DEFAULT NULL COMMENT 'åˆ›å»ºæ—¶é—´',
  `update_by` varchar(64) DEFAULT NULL COMMENT 'æ›´æ–°äººå‘˜',
  `update_time` datetime DEFAULT NULL COMMENT 'æ›´æ–°æ—¶é—´',
  `del_flag` int(1) DEFAULT NULL COMMENT 'æ˜¯å¦åˆ é™¤',
  PRIMARY KEY (`id`) USING BTREE
) ENGINE=InnoDB DEFAULT CHARSET=utf8 ROW_FORMAT=COMPACT COMMENT='æ ·å“æ¸…å•';

/*Data for the table `sys_msg_alarm` */

/*Table structure for table `sys_notice` */

DROP TABLE IF EXISTS `sys_notice`;

CREATE TABLE `sys_notice` (
  `notice_id` int(20) NOT NULL AUTO_INCREMENT COMMENT 'å…¬å‘ŠID',
  `notice_title` varchar(50) NOT NULL COMMENT 'å…¬å‘Šæ ‡é¢˜',
  `notice_type` char(1) NOT NULL COMMENT 'å…¬å‘Šç±»å‹ï¼ˆ1é€šçŸ¥ 2å…¬å‘Šï¼‰',
  `notice_content` varchar(2000) DEFAULT NULL COMMENT 'å…¬å‘Šå†…å®¹',
  `status` char(1) DEFAULT '0' COMMENT 'å…¬å‘ŠçŠ¶æ€ï¼ˆ0æ­£å¸¸ 1å…³é—­ï¼‰',
  `create_by` varchar(64) DEFAULT '' COMMENT 'åˆ›å»ºè€…',
  `create_time` datetime DEFAULT NULL COMMENT 'åˆ›å»ºæ—¶é—´',
  `update_by` varchar(64) DEFAULT '' COMMENT 'æ›´æ–°è€…',
  `update_time` datetime DEFAULT NULL COMMENT 'æ›´æ–°æ—¶é—´',
  `remark` varchar(255) DEFAULT NULL COMMENT 'å¤‡æ³¨',
  `file_id` int(20) DEFAULT NULL COMMENT 'é™„ä»¶',
  PRIMARY KEY (`notice_id`) USING BTREE
) ENGINE=InnoDB DEFAULT CHARSET=utf8 ROW_FORMAT=COMPACT COMMENT='é€šçŸ¥å…¬å‘Šè¡¨';

/*Data for the table `sys_notice` */

/*Table structure for table `sys_oper_log` */

DROP TABLE IF EXISTS `sys_oper_log`;

CREATE TABLE `sys_oper_log` (
  `oper_id` bigint(20) NOT NULL AUTO_INCREMENT COMMENT 'æ—¥å¿—ä¸»é”®',
  `title` varchar(50) DEFAULT '' COMMENT 'æ¨¡å—æ ‡é¢˜',
  `business_type` int(2) DEFAULT '0' COMMENT 'ä¸šåŠ¡ç±»å‹ï¼ˆ0å…¶å®ƒ 1æ–°å¢ 2ä¿®æ”¹ 3åˆ é™¤ï¼‰',
  `method` varchar(100) DEFAULT '' COMMENT 'æ–¹æ³•åç§°',
  `operator_type` int(1) DEFAULT '0' COMMENT 'æ“ä½œç±»åˆ«ï¼ˆ0å…¶å®ƒ 1åå°ç”¨æˆ· 2æ‰‹æœºç«¯ç”¨æˆ·ï¼‰',
  `oper_name` varchar(50) DEFAULT '' COMMENT 'æ“ä½œäººå‘˜',
  `dept_name` varchar(50) DEFAULT '' COMMENT 'éƒ¨é—¨åç§°',
  `oper_url` varchar(255) DEFAULT '' COMMENT 'è¯·æ±‚URL',
  `oper_ip` varchar(50) DEFAULT '' COMMENT 'ä¸»æœºåœ°å€',
  `oper_location` varchar(255) DEFAULT '' COMMENT 'æ“ä½œåœ°ç‚¹',
  `oper_param` varchar(2000) DEFAULT '' COMMENT 'è¯·æ±‚å‚æ•°',
  `status` int(1) DEFAULT '0' COMMENT 'æ“ä½œçŠ¶æ€ï¼ˆ0æ­£å¸¸ 1å¼‚å¸¸ï¼‰',
  `error_msg` varchar(2000) DEFAULT '' COMMENT 'é”™è¯¯æ¶ˆæ¯',
  `oper_time` datetime DEFAULT NULL COMMENT 'æ“ä½œæ—¶é—´',
  PRIMARY KEY (`oper_id`) USING BTREE
) ENGINE=InnoDB AUTO_INCREMENT=133 DEFAULT CHARSET=utf8 ROW_FORMAT=COMPACT COMMENT='æ“ä½œæ—¥å¿—è®°å½•';

/*Data for the table `sys_oper_log` */

insert  into `sys_oper_log`(`oper_id`,`title`,`business_type`,`method`,`operator_type`,`oper_name`,`dept_name`,`oper_url`,`oper_ip`,`oper_location`,`oper_param`,`status`,`error_msg`,`oper_time`) values (1,'èœå•ç®¡ç†',2,'com.ruoyi.project.system.menu.controller.MenuController.editSave()',1,'admin','æŠ€æœ¯ç›‘æµ‹å®¤','/system/menu/edit','127.0.0.1','å†…ç½‘IP','{\"menuId\":[\"2008\"],\"parentId\":[\"2005\"],\"menuType\":[\"C\"],\"menuName\":[\"è´§æŸœç®¡ç†\"],\"url\":[\"/html/lims_echart1\"],\"target\":[\"menuItem\"],\"perms\":[\"lims:container:view\"],\"orderNum\":[\"3\"],\"icon\":[\"#\"],\"visible\":[\"0\"]}',0,NULL,'2019-08-14 13:54:43'),(2,'èœå•ç®¡ç†',3,'com.ruoyi.project.system.menu.controller.MenuController.remove()',1,'admin','æŠ€æœ¯ç›‘æµ‹å®¤','/system/menu/remove/2010','127.0.0.1','å†…ç½‘IP','{}',0,NULL,'2019-08-14 13:55:31'),(3,'èœå•ç®¡ç†',3,'com.ruoyi.project.system.menu.controller.MenuController.remove()',1,'admin','æŠ€æœ¯ç›‘æµ‹å®¤','/system/menu/remove/2011','127.0.0.1','å†…ç½‘IP','{}',0,NULL,'2019-08-14 13:55:36'),(4,'è§’è‰²ç®¡ç†',2,'com.ruoyi.project.system.role.controller.RoleController.editSave()',1,'admin','æŠ€æœ¯ç›‘æµ‹å®¤','/system/role/edit','127.0.0.1','å†…ç½‘IP','{\"roleId\":[\"1\"],\"roleName\":[\"ç³»ç»Ÿç®¡ç†å‘˜\"],\"roleKey\":[\"admin\"],\"roleSort\":[\"1\"],\"status\":[\"0\"],\"remark\":[\"ç³»ç»Ÿç®¡ç†å‘˜\"],\"menuIds\":[\"2005,107,1035,1036,1037,1038,103,1016,1017,1018,1019,2008,2038,2039,2040,2041,1,100,1000,1001,1002,1003,1004,1005,1006,101,1007,1008,1009,1010,1011,102,1012,1013,1014,1015,104,1020,1021,1022,1023,1024,105,1025,1026,1027,1028,1029,106,1030,1031,1032,1033,1034,108,500,1039,1040,1041,1042,501,1043,1044,1045,2,109,1046,1047,1048,110,1049,1050,1051,1052,1053,1054,1055,111,112\"]}',0,NULL,'2019-10-17 19:15:49'),(5,'èœå•ç®¡ç†',1,'com.ruoyi.project.system.menu.controller.MenuController.addSave()',1,'admin','æŠ€æœ¯ç›‘æµ‹å®¤','/system/menu/add','127.0.0.1','å†…ç½‘IP','{\"parentId\":[\"2005\"],\"menuType\":[\"C\"],\"menuName\":[\"æ•°æ®ç®¡ç†\"],\"url\":[\"\"],\"target\":[\"menuItem\"],\"perms\":[\"\"],\"orderNum\":[\"3\"],\"icon\":[\"\"],\"visible\":[\"0\"]}',0,NULL,'2019-12-19 13:48:13'),(6,'èœå•ç®¡ç†',2,'com.ruoyi.project.system.menu.controller.MenuController.editSave()',1,'admin','æŠ€æœ¯ç›‘æµ‹å®¤','/system/menu/edit','127.0.0.1','å†…ç½‘IP','{\"menuId\":[\"103\"],\"parentId\":[\"1\"],\"menuType\":[\"C\"],\"menuName\":[\"å®éªŒå®¤ç®¡ç†\"],\"url\":[\"/system/dept\"],\"target\":[\"menuItem\"],\"perms\":[\"system:dept:view\"],\"orderNum\":[\"2\"],\"icon\":[\"#\"],\"visible\":[\"0\"]}',0,NULL,'2019-12-19 13:48:45'),(7,'èœå•ç®¡ç†',2,'com.ruoyi.project.system.menu.controller.MenuController.editSave()',1,'admin','æŠ€æœ¯ç›‘æµ‹å®¤','/system/menu/edit','127.0.0.1','å†…ç½‘IP','{\"menuId\":[\"107\"],\"parentId\":[\"1\"],\"menuType\":[\"C\"],\"menuName\":[\"åˆ¶åº¦å…¬å‘Š\"],\"url\":[\"/system/notice\"],\"target\":[\"menuItem\"],\"perms\":[\"system:notice:view\"],\"orderNum\":[\"1\"],\"icon\":[\"#\"],\"visible\":[\"0\"]}',0,NULL,'2019-12-19 13:49:01'),(8,'èœå•ç®¡ç†',1,'com.ruoyi.project.system.menu.controller.MenuController.addSave()',1,'admin','æŠ€æœ¯ç›‘æµ‹å®¤','/system/menu/add','127.0.0.1','å†…ç½‘IP','{\"parentId\":[\"2005\"],\"menuType\":[\"C\"],\"menuName\":[\"æ•°æ®å¯è§†åŒ–\"],\"url\":[\"https://www.echartsjs.com/examples/zh/editor.html?c=multiple-y-axis\"],\"target\":[\"menuItem\"],\"perms\":[\"\"],\"orderNum\":[\"2\"],\"icon\":[\"\"],\"visible\":[\"0\"]}',0,NULL,'2019-12-19 13:49:43'),(9,'èœå•ç®¡ç†',1,'com.ruoyi.project.system.menu.controller.MenuController.addSave()',1,'admin','æŠ€æœ¯ç›‘æµ‹å®¤','/system/menu/add','127.0.0.1','å†…ç½‘IP','{\"parentId\":[\"0\"],\"menuType\":[\"C\"],\"menuName\":[\"é¢„æµ‹æ¨¡å‹é…ç½®\"],\"url\":[\"\"],\"target\":[\"menuItem\"],\"perms\":[\"\"],\"orderNum\":[\"4\"],\"icon\":[\"\"],\"visible\":[\"0\"]}',0,NULL,'2019-12-19 13:50:12'),(10,'èœå•ç®¡ç†',3,'com.ruoyi.project.system.menu.controller.MenuController.remove()',1,'admin','æŠ€æœ¯ç›‘æµ‹å®¤','/system/menu/remove/2107','127.0.0.1','å†…ç½‘IP','{}',0,NULL,'2019-12-19 13:50:33'),(11,'èœå•ç®¡ç†',1,'com.ruoyi.project.system.menu.controller.MenuController.addSave()',1,'admin','æŠ€æœ¯ç›‘æµ‹å®¤','/system/menu/add','127.0.0.1','å†…ç½‘IP','{\"parentId\":[\"2005\"],\"menuType\":[\"C\"],\"menuName\":[\"é¢„æµ‹æ¨¡å‹é…ç½®\"],\"url\":[\"\"],\"target\":[\"menuItem\"],\"perms\":[\"\"],\"orderNum\":[\"4\"],\"icon\":[\"\"],\"visible\":[\"0\"]}',0,NULL,'2019-12-19 13:50:42'),(12,'èœå•ç®¡ç†',2,'com.ruoyi.project.system.menu.controller.MenuController.editSave()',1,'admin','æŠ€æœ¯ç›‘æµ‹å®¤','/system/menu/edit','127.0.0.1','å†…ç½‘IP','{\"menuId\":[\"2108\"],\"parentId\":[\"2005\"],\"menuType\":[\"C\"],\"menuName\":[\"é¢„æµ‹æ¨¡å‹é…ç½®\"],\"url\":[\"#\"],\"target\":[\"menuItem\"],\"perms\":[\"\"],\"orderNum\":[\"5\"],\"icon\":[\"#\"],\"visible\":[\"0\"]}',0,NULL,'2019-12-19 13:50:54'),(13,'èœå•ç®¡ç†',2,'com.ruoyi.project.system.menu.controller.MenuController.editSave()',1,'admin','æŠ€æœ¯ç›‘æµ‹å®¤','/system/menu/edit','127.0.0.1','å†…ç½‘IP','{\"menuId\":[\"2008\"],\"parentId\":[\"2005\"],\"menuType\":[\"C\"],\"menuName\":[\"æŠ¥è¡¨æ¼”ç¤º\"],\"url\":[\"/html/lims_echart\"],\"target\":[\"menuItem\"],\"perms\":[\"lims:container:view\"],\"orderNum\":[\"34\"],\"icon\":[\"#\"],\"visible\":[\"0\"]}',0,NULL,'2019-12-19 13:51:01'),(14,'èœå•ç®¡ç†',1,'com.ruoyi.project.system.menu.controller.MenuController.addSave()',1,'admin','æŠ€æœ¯ç›‘æµ‹å®¤','/system/menu/add','127.0.0.1','å†…ç½‘IP','{\"parentId\":[\"2005\"],\"menuType\":[\"C\"],\"menuName\":[\"æŠ¥å‘Šç”Ÿæˆç®¡ç†\"],\"url\":[\"\"],\"target\":[\"menuItem\"],\"perms\":[\"\"],\"orderNum\":[\"6\"],\"icon\":[\"\"],\"visible\":[\"0\"]}',0,NULL,'2019-12-19 13:51:26'),(15,'èœå•ç®¡ç†',2,'com.ruoyi.project.system.menu.controller.MenuController.editSave()',1,'admin','æŠ€æœ¯ç›‘æµ‹å®¤','/system/menu/edit','127.0.0.1','å†…ç½‘IP','{\"menuId\":[\"2008\"],\"parentId\":[\"2005\"],\"menuType\":[\"C\"],\"menuName\":[\"æŠ¥è¡¨æ¼”ç¤º\"],\"url\":[\"/html/lims_echart\"],\"target\":[\"menuItem\"],\"perms\":[\"lims:container:view\"],\"orderNum\":[\"4\"],\"icon\":[\"#\"],\"visible\":[\"0\"]}',0,NULL,'2019-12-19 13:51:49'),(16,'è§’è‰²ç®¡ç†',2,'com.ruoyi.project.system.role.controller.RoleController.editSave()',1,'admin','æŠ€æœ¯ç›‘æµ‹å®¤','/system/role/edit','127.0.0.1','å†…ç½‘IP','{\"roleId\":[\"1\"],\"roleName\":[\"ç³»ç»Ÿç®¡ç†å‘˜\"],\"roleKey\":[\"admin\"],\"roleSort\":[\"1\"],\"status\":[\"0\"],\"remark\":[\"ç³»ç»Ÿç®¡ç†å‘˜\"],\"menuIds\":[\"2005,2106,2105,2008,2038,2039,2040,2041,2108,2109,1,100,1000,1001,1002,1003,1004,1005,1006,107,1035,1036,1037,1038,101,1007,1008,1009,1010,1011,103,1016,1017,1018,1019,102,1012,1013,1014,1015,104,1020,1021,1022,1023,1024,105,1025,1026,1027,1028,1029,106,1030,1031,1032,1033,1034,108,500,1039,1040,1041,1042,501,1043,1044,1045,2,109,1046,1047,1048,110,1049,1050,1051,1052,1053,1054,1055,111,112\"]}',0,NULL,'2019-12-19 13:52:17'),(17,'èœå•ç®¡ç†',2,'com.ruoyi.project.system.menu.controller.MenuController.editSave()',1,'admin','æŠ€æœ¯ç›‘æµ‹å®¤','/system/menu/edit','127.0.0.1','å†…ç½‘IP','{\"menuId\":[\"103\"],\"parentId\":[\"1\"],\"menuType\":[\"C\"],\"menuName\":[\"éƒ¨é—¨ç®¡ç†\"],\"url\":[\"/system/dept\"],\"target\":[\"menuItem\"],\"perms\":[\"system:dept:view\"],\"orderNum\":[\"2\"],\"icon\":[\"#\"],\"visible\":[\"0\"]}',0,NULL,'2019-12-26 11:15:23'),(18,'èœå•ç®¡ç†',2,'com.ruoyi.project.system.menu.controller.MenuController.editSave()',1,'admin','æŠ€æœ¯ç›‘æµ‹å®¤','/system/menu/edit','127.0.0.1','å†…ç½‘IP','{\"menuId\":[\"100\"],\"parentId\":[\"1\"],\"menuType\":[\"C\"],\"menuName\":[\"ç”¨æˆ·ç®¡ç†\"],\"url\":[\"/system/user\"],\"target\":[\"menuItem\"],\"perms\":[\"system:user:view\"],\"orderNum\":[\"3\"],\"icon\":[\"#\"],\"visible\":[\"0\"]}',0,NULL,'2019-12-26 11:16:46'),(19,'èœå•ç®¡ç†',3,'com.ruoyi.project.system.menu.controller.MenuController.remove()',1,'admin','æŠ€æœ¯ç›‘æµ‹å®¤','/system/menu/remove/2038','127.0.0.1','å†…ç½‘IP','{}',0,NULL,'2019-12-26 11:19:11'),(20,'è§’è‰²ç®¡ç†',2,'com.ruoyi.project.system.role.controller.RoleController.editSave()',1,'admin','æŠ€æœ¯ç›‘æµ‹å®¤','/system/role/edit','127.0.0.1','å†…ç½‘IP','{\"roleId\":[\"1\"],\"roleName\":[\"ç³»ç»Ÿç®¡ç†å‘˜\"],\"roleKey\":[\"admin\"],\"roleSort\":[\"1\"],\"status\":[\"0\"],\"remark\":[\"ç³»ç»Ÿç®¡ç†å‘˜\"],\"menuIds\":[\"2005,2106,2105,2108,2109,1,107,1035,1036,1037,1038,101,1007,1008,1009,1010,1011,103,1016,1017,1018,1019,100,1000,1001,1002,1003,1004,1005,1006,102,1012,1013,1014,1015,104,1020,1021,1022,1023,1024,105,1025,1026,1027,1028,1029,106,1030,1031,1032,1033,1034,108,500,1039,1040,1041,1042,501,1043,1044,1045,2,109,1046,1047,1048,110,1049,1050,1051,1052,1053,1054,1055,111,112\"]}',0,NULL,'2019-12-26 11:19:57'),(21,'èœå•ç®¡ç†',3,'com.ruoyi.project.system.menu.controller.MenuController.remove()',1,'admin','æŠ€æœ¯ç›‘æµ‹å®¤','/system/menu/remove/2038','127.0.0.1','å†…ç½‘IP','{}',0,NULL,'2019-12-26 11:20:01'),(22,'èœå•ç®¡ç†',3,'com.ruoyi.project.system.menu.controller.MenuController.remove()',1,'admin','æŠ€æœ¯ç›‘æµ‹å®¤','/system/menu/remove/2039','127.0.0.1','å†…ç½‘IP','{}',0,NULL,'2019-12-26 11:20:07'),(23,'èœå•ç®¡ç†',3,'com.ruoyi.project.system.menu.controller.MenuController.remove()',1,'admin','æŠ€æœ¯ç›‘æµ‹å®¤','/system/menu/remove/2108','127.0.0.1','å†…ç½‘IP','{}',0,NULL,'2019-12-26 11:20:11'),(24,'èœå•ç®¡ç†',3,'com.ruoyi.project.system.menu.controller.MenuController.remove()',1,'admin','æŠ€æœ¯ç›‘æµ‹å®¤','/system/menu/remove/2040','127.0.0.1','å†…ç½‘IP','{}',0,NULL,'2019-12-26 11:20:15'),(25,'èœå•ç®¡ç†',3,'com.ruoyi.project.system.menu.controller.MenuController.remove()',1,'admin','æŠ€æœ¯ç›‘æµ‹å®¤','/system/menu/remove/2041','127.0.0.1','å†…ç½‘IP','{}',0,NULL,'2019-12-26 11:20:20'),(26,'èœå•ç®¡ç†',2,'com.ruoyi.project.system.menu.controller.MenuController.editSave()',1,'admin','æŠ€æœ¯ç›‘æµ‹å®¤','/system/menu/edit','127.0.0.1','å†…ç½‘IP','{\"menuId\":[\"2008\"],\"parentId\":[\"2005\"],\"menuType\":[\"C\"],\"menuName\":[\"æŠ¥è¡¨æ¼”ç¤º\"],\"url\":[\"/html/lims_echart\"],\"target\":[\"menuItem\"],\"perms\":[\"\"],\"orderNum\":[\"4\"],\"icon\":[\"#\"],\"visible\":[\"0\"]}',0,NULL,'2019-12-26 11:21:55'),(27,'è§’è‰²ç®¡ç†',2,'com.ruoyi.project.system.role.controller.RoleController.editSave()',1,'admin','æŠ€æœ¯ç›‘æµ‹å®¤','/system/role/edit','127.0.0.1','å†…ç½‘IP','{\"roleId\":[\"1\"],\"roleName\":[\"ç³»ç»Ÿç®¡ç†å‘˜\"],\"roleKey\":[\"admin\"],\"roleSort\":[\"1\"],\"status\":[\"0\"],\"remark\":[\"ç³»ç»Ÿç®¡ç†å‘˜\"],\"menuIds\":[\"2005,2106,2105,2008,2108,2109,1,107,1035,1036,1037,1038,101,1007,1008,1009,1010,1011,103,1016,1017,1018,1019,100,1000,1001,1002,1003,1004,1005,1006,102,1012,1013,1014,1015,104,1020,1021,1022,1023,1024,105,1025,1026,1027,1028,1029,106,1030,1031,1032,1033,1034,108,500,1039,1040,1041,1042,501,1043,1044,1045,2,109,1046,1047,1048,110,1049,1050,1051,1052,1053,1054,1055,111,112\"]}',0,NULL,'2019-12-26 11:22:36'),(28,'èœå•ç®¡ç†',2,'com.ruoyi.project.system.menu.controller.MenuController.editSave()',1,'admin','æŠ€æœ¯ç›‘æµ‹å®¤','/system/menu/edit','127.0.0.1','å†…ç½‘IP','{\"menuId\":[\"101\"],\"parentId\":[\"1\"],\"menuType\":[\"C\"],\"menuName\":[\"è§’è‰²ç®¡ç†\"],\"url\":[\"/system/role\"],\"target\":[\"menuItem\"],\"perms\":[\"system:role:view\"],\"orderNum\":[\"24\"],\"icon\":[\"#\"],\"visible\":[\"0\"]}',0,NULL,'2019-12-26 11:23:06'),(29,'èœå•ç®¡ç†',2,'com.ruoyi.project.system.menu.controller.MenuController.editSave()',1,'admin','æŠ€æœ¯ç›‘æµ‹å®¤','/system/menu/edit','127.0.0.1','å†…ç½‘IP','{\"menuId\":[\"101\"],\"parentId\":[\"1\"],\"menuType\":[\"C\"],\"menuName\":[\"è§’è‰²ç®¡ç†\"],\"url\":[\"/system/role\"],\"target\":[\"menuItem\"],\"perms\":[\"system:role:view\"],\"orderNum\":[\"4\"],\"icon\":[\"#\"],\"visible\":[\"0\"]}',0,NULL,'2019-12-26 11:23:20'),(30,'èœå•ç®¡ç†',2,'com.ruoyi.project.system.menu.controller.MenuController.editSave()',1,'admin','æŠ€æœ¯ç›‘æµ‹å®¤','/system/menu/edit','127.0.0.1','å†…ç½‘IP','{\"menuId\":[\"102\"],\"parentId\":[\"1\"],\"menuType\":[\"C\"],\"menuName\":[\"èœå•ç®¡ç†\"],\"url\":[\"/system/menu\"],\"target\":[\"menuItem\"],\"perms\":[\"system:menu:view\"],\"orderNum\":[\"5\"],\"icon\":[\"#\"],\"visible\":[\"0\"]}',0,NULL,'2019-12-26 11:23:33'),(31,'èœå•ç®¡ç†',2,'com.ruoyi.project.system.menu.controller.MenuController.editSave()',1,'admin','æŠ€æœ¯ç›‘æµ‹å®¤','/system/menu/edit','127.0.0.1','å†…ç½‘IP','{\"menuId\":[\"102\"],\"parentId\":[\"1\"],\"menuType\":[\"C\"],\"menuName\":[\"èœå•ç®¡ç†\"],\"url\":[\"/system/menu\"],\"target\":[\"menuItem\"],\"perms\":[\"system:menu:view\"],\"orderNum\":[\"6\"],\"icon\":[\"#\"],\"visible\":[\"0\"]}',0,NULL,'2019-12-26 11:23:50'),(32,'èœå•ç®¡ç†',2,'com.ruoyi.project.system.menu.controller.MenuController.editSave()',1,'admin','æŠ€æœ¯ç›‘æµ‹å®¤','/system/menu/edit','127.0.0.1','å†…ç½‘IP','{\"menuId\":[\"105\"],\"parentId\":[\"1\"],\"menuType\":[\"C\"],\"menuName\":[\"å­—å…¸ç®¡ç†\"],\"url\":[\"/system/dict\"],\"target\":[\"menuItem\"],\"perms\":[\"system:dict:view\"],\"orderNum\":[\"7\"],\"icon\":[\"#\"],\"visible\":[\"0\"]}',0,NULL,'2019-12-26 11:23:59'),(33,'èœå•ç®¡ç†',2,'com.ruoyi.project.system.menu.controller.MenuController.editSave()',1,'admin','æŠ€æœ¯ç›‘æµ‹å®¤','/system/menu/edit','127.0.0.1','å†…ç½‘IP','{\"menuId\":[\"106\"],\"parentId\":[\"1\"],\"menuType\":[\"C\"],\"menuName\":[\"å‚æ•°è®¾ç½®\"],\"url\":[\"/system/config\"],\"target\":[\"menuItem\"],\"perms\":[\"system:config:view\"],\"orderNum\":[\"8\"],\"icon\":[\"#\"],\"visible\":[\"0\"]}',0,NULL,'2019-12-26 11:24:07'),(34,'èœå•ç®¡ç†',2,'com.ruoyi.project.system.menu.controller.MenuController.editSave()',1,'admin','æŠ€æœ¯ç›‘æµ‹å®¤','/system/menu/edit','127.0.0.1','å†…ç½‘IP','{\"menuId\":[\"2106\"],\"parentId\":[\"2005\"],\"menuType\":[\"C\"],\"menuName\":[\"æ•°æ®å±•ç¤º\"],\"url\":[\"https://www.echartsjs.com/examples/zh/editor.html?c=multiple-y-axis\"],\"target\":[\"menuItem\"],\"perms\":[\"\"],\"orderNum\":[\"2\"],\"icon\":[\"#\"],\"visible\":[\"0\"]}',0,NULL,'2019-12-26 14:02:57'),(35,'èœå•ç®¡ç†',2,'com.ruoyi.project.system.menu.controller.MenuController.editSave()',1,'admin','æŠ€æœ¯ç›‘æµ‹å®¤','/system/menu/edit','127.0.0.1','å†…ç½‘IP','{\"menuId\":[\"2008\"],\"parentId\":[\"2005\"],\"menuType\":[\"C\"],\"menuName\":[\"é¢„æµ‹æŠ¥è¡¨\"],\"url\":[\"/html/lims_echart\"],\"target\":[\"menuItem\"],\"perms\":[\"\"],\"orderNum\":[\"4\"],\"icon\":[\"#\"],\"visible\":[\"0\"]}',0,NULL,'2019-12-26 14:03:12'),(36,'èœå•ç®¡ç†',2,'com.ruoyi.project.system.menu.controller.MenuController.editSave()',1,'admin','æŠ€æœ¯ç›‘æµ‹å®¤','/system/menu/edit','127.0.0.1','å†…ç½‘IP','{\"menuId\":[\"2108\"],\"parentId\":[\"2005\"],\"menuType\":[\"C\"],\"menuName\":[\"æ¨¡å‹é…ç½®\"],\"url\":[\"#\"],\"target\":[\"menuItem\"],\"perms\":[\"\"],\"orderNum\":[\"5\"],\"icon\":[\"#\"],\"visible\":[\"0\"]}',0,NULL,'2019-12-26 14:03:43'),(37,'èœå•ç®¡ç†',2,'com.ruoyi.project.system.menu.controller.MenuController.editSave()',1,'admin','æŠ€æœ¯ç›‘æµ‹å®¤','/system/menu/edit','127.0.0.1','å†…ç½‘IP','{\"menuId\":[\"2008\"],\"parentId\":[\"2005\"],\"menuType\":[\"C\"],\"menuName\":[\"æ¨¡å‹æŠ¥è¡¨\"],\"url\":[\"/html/lims_echart\"],\"target\":[\"menuItem\"],\"perms\":[\"\"],\"orderNum\":[\"4\"],\"icon\":[\"#\"],\"visible\":[\"0\"]}',0,NULL,'2019-12-26 14:03:53'),(38,'èœå•ç®¡ç†',2,'com.ruoyi.project.system.menu.controller.MenuController.editSave()',1,'admin','æŠ€æœ¯ç›‘æµ‹å®¤','/system/menu/edit','127.0.0.1','å†…ç½‘IP','{\"menuId\":[\"2109\"],\"parentId\":[\"2005\"],\"menuType\":[\"C\"],\"menuName\":[\"æŠ¥å‘Šç”Ÿæˆ\"],\"url\":[\"#\"],\"target\":[\"menuItem\"],\"perms\":[\"\"],\"orderNum\":[\"6\"],\"icon\":[\"#\"],\"visible\":[\"0\"]}',0,NULL,'2019-12-26 14:04:46'),(39,'èœå•ç®¡ç†',2,'com.ruoyi.project.system.menu.controller.MenuController.editSave()',1,'admin','æŠ€æœ¯ç›‘æµ‹å®¤','/system/menu/edit','127.0.0.1','å†…ç½‘IP','{\"menuId\":[\"2109\"],\"parentId\":[\"2005\"],\"menuType\":[\"C\"],\"menuName\":[\"èƒ½åŠ›æŠ¥å‘Š\"],\"url\":[\"#\"],\"target\":[\"menuItem\"],\"perms\":[\"\"],\"orderNum\":[\"6\"],\"icon\":[\"#\"],\"visible\":[\"0\"]}',0,NULL,'2019-12-26 14:06:39'),(40,'èœå•ç®¡ç†',2,'com.ruoyi.project.system.menu.controller.MenuController.editSave()',1,'admin','æŠ€æœ¯ç›‘æµ‹å®¤','/system/menu/edit','127.0.0.1','å†…ç½‘IP','{\"menuId\":[\"2106\"],\"parentId\":[\"2005\"],\"menuType\":[\"C\"],\"menuName\":[\"æ•°æ®å±•ç¤º\"],\"url\":[\"/html/lims_dataview\"],\"target\":[\"menuItem\"],\"perms\":[\"\"],\"orderNum\":[\"2\"],\"icon\":[\"#\"],\"visible\":[\"0\"]}',0,NULL,'2019-12-26 14:38:59'),(41,'èœå•ç®¡ç†',2,'com.ruoyi.project.system.menu.controller.MenuController.editSave()',1,'admin','æŠ€æœ¯ç›‘æµ‹å®¤','/system/menu/edit','127.0.0.1','å†…ç½‘IP','{\"menuId\":[\"2109\"],\"parentId\":[\"2005\"],\"menuType\":[\"C\"],\"menuName\":[\"èƒ½åŠ›æŠ¥å‘Š\"],\"url\":[\"#\"],\"target\":[\"menuItem\"],\"perms\":[\"\"],\"orderNum\":[\"7\"],\"icon\":[\"#\"],\"visible\":[\"0\"]}',0,NULL,'2019-12-27 12:56:15'),(42,'èœå•ç®¡ç†',2,'com.ruoyi.project.system.menu.controller.MenuController.editSave()',1,'admin','æŠ€æœ¯ç›‘æµ‹å®¤','/system/menu/edit','127.0.0.1','å†…ç½‘IP','{\"menuId\":[\"2108\"],\"parentId\":[\"2005\"],\"menuType\":[\"C\"],\"menuName\":[\"æ¨¡å‹é…ç½®\"],\"url\":[\"#\"],\"target\":[\"menuItem\"],\"perms\":[\"\"],\"orderNum\":[\"6\"],\"icon\":[\"#\"],\"visible\":[\"0\"]}',0,NULL,'2019-12-27 12:56:27'),(43,'èœå•ç®¡ç†',2,'com.ruoyi.project.system.menu.controller.MenuController.editSave()',1,'admin','æŠ€æœ¯ç›‘æµ‹å®¤','/system/menu/edit','127.0.0.1','å†…ç½‘IP','{\"menuId\":[\"2008\"],\"parentId\":[\"2005\"],\"menuType\":[\"C\"],\"menuName\":[\"æ¨¡å‹æŠ¥è¡¨\"],\"url\":[\"/html/lims_echart\"],\"target\":[\"menuItem\"],\"perms\":[\"\"],\"orderNum\":[\"5\"],\"icon\":[\"#\"],\"visible\":[\"0\"]}',0,NULL,'2019-12-27 12:56:36'),(44,'èœå•ç®¡ç†',2,'com.ruoyi.project.system.menu.controller.MenuController.editSave()',1,'admin','æŠ€æœ¯ç›‘æµ‹å®¤','/system/menu/edit','127.0.0.1','å†…ç½‘IP','{\"menuId\":[\"2105\"],\"parentId\":[\"2005\"],\"menuType\":[\"C\"],\"menuName\":[\"æ•°æ®ç®¡ç†\"],\"url\":[\"#\"],\"target\":[\"menuItem\"],\"perms\":[\"\"],\"orderNum\":[\"34\"],\"icon\":[\"#\"],\"visible\":[\"0\"]}',0,NULL,'2019-12-27 12:56:43'),(45,'èœå•ç®¡ç†',1,'com.ruoyi.project.system.menu.controller.MenuController.addSave()',1,'admin','æŠ€æœ¯ç›‘æµ‹å®¤','/system/menu/add','127.0.0.1','å†…ç½‘IP','{\"parentId\":[\"2005\"],\"menuType\":[\"C\"],\"menuName\":[\"æ•°æ®3D\"],\"url\":[\"\"],\"target\":[\"menuItem\"],\"perms\":[\"\"],\"orderNum\":[\"3\"],\"icon\":[\"\"],\"visible\":[\"0\"]}',0,NULL,'2019-12-27 12:57:21'),(46,'èœå•ç®¡ç†',2,'com.ruoyi.project.system.menu.controller.MenuController.editSave()',1,'admin','æŠ€æœ¯ç›‘æµ‹å®¤','/system/menu/edit','127.0.0.1','å†…ç½‘IP','{\"menuId\":[\"2110\"],\"parentId\":[\"2005\"],\"menuType\":[\"C\"],\"menuName\":[\"æ•°æ®3D\"],\"url\":[\"/html/lims_data3dview\"],\"target\":[\"menuItem\"],\"perms\":[\"\"],\"orderNum\":[\"3\"],\"icon\":[\"#\"],\"visible\":[\"0\"]}',0,NULL,'2019-12-27 12:57:34'),(47,'è§’è‰²ç®¡ç†',2,'com.ruoyi.project.system.role.controller.RoleController.editSave()',1,'admin','æŠ€æœ¯ç›‘æµ‹å®¤','/system/role/edit','127.0.0.1','å†…ç½‘IP','{\"roleId\":[\"1\"],\"roleName\":[\"ç³»ç»Ÿç®¡ç†å‘˜\"],\"roleKey\":[\"admin\"],\"roleSort\":[\"1\"],\"status\":[\"0\"],\"remark\":[\"ç³»ç»Ÿç®¡ç†å‘˜\"],\"menuIds\":[\"2005,2106,2110,2008,2108,2109,2105,1,107,1035,1036,1037,1038,103,1016,1017,1018,1019,100,1000,1001,1002,1003,1004,1005,1006,101,1007,1008,1009,1010,1011,104,1020,1021,1022,1023,1024,102,1012,1013,1014,1015,105,1025,1026,1027,1028,1029,106,1030,1031,1032,1033,1034,108,500,1039,1040,1041,1042,501,1043,1044,1045,2,109,1046,1047,1048,110,1049,1050,1051,1052,1053,1054,1055,111,112\"]}',0,NULL,'2019-12-27 12:57:45'),(48,'èœå•ç®¡ç†',2,'com.ruoyi.project.system.menu.controller.MenuController.editSave()',1,'admin','æŠ€æœ¯ç›‘æµ‹å®¤','/system/menu/edit','127.0.0.1','å†…ç½‘IP','{\"menuId\":[\"2108\"],\"parentId\":[\"2005\"],\"menuType\":[\"C\"],\"menuName\":[\"æ¨¡å‹é…ç½®\"],\"url\":[\"/html/lims_config\"],\"target\":[\"menuItem\"],\"perms\":[\"\"],\"orderNum\":[\"6\"],\"icon\":[\"#\"],\"visible\":[\"0\"]}',0,NULL,'2019-12-27 13:30:57'),(49,'èœå•ç®¡ç†',2,'com.ruoyi.project.system.menu.controller.MenuController.editSave()',1,'admin','æŠ€æœ¯ç›‘æµ‹å®¤','/system/menu/edit','127.0.0.1','å†…ç½‘IP','{\"menuId\":[\"2105\"],\"parentId\":[\"2005\"],\"menuType\":[\"C\"],\"menuName\":[\"æ•°æ®ç®¡ç†\"],\"url\":[\"#\"],\"target\":[\"menuItem\"],\"perms\":[\"\"],\"orderNum\":[\"4\"],\"icon\":[\"#\"],\"visible\":[\"0\"]}',0,NULL,'2019-12-27 14:18:51'),(50,'èœå•ç®¡ç†',2,'com.ruoyi.project.system.menu.controller.MenuController.editSave()',1,'admin','æŠ€æœ¯ç›‘æµ‹å®¤','/system/menu/edit','127.0.0.1','å†…ç½‘IP','{\"menuId\":[\"2109\"],\"parentId\":[\"2005\"],\"menuType\":[\"C\"],\"menuName\":[\"èƒ½åŠ›æŠ¥å‘Š\"],\"url\":[\"/html/lims_report\"],\"target\":[\"menuItem\"],\"perms\":[\"\"],\"orderNum\":[\"7\"],\"icon\":[\"#\"],\"visible\":[\"0\"]}',0,NULL,'2019-12-27 14:21:32'),(51,'è§’è‰²ç®¡ç†',2,'com.ruoyi.project.system.role.controller.RoleController.editSave()',1,'admin','æŠ€æœ¯ç›‘æµ‹å®¤','/system/role/edit','127.0.0.1','å†…ç½‘IP','{\"roleId\":[\"1\"],\"roleName\":[\"ç³»ç»Ÿç®¡ç†å‘˜\"],\"roleKey\":[\"admin\"],\"roleSort\":[\"1\"],\"status\":[\"0\"],\"remark\":[\"ç³»ç»Ÿç®¡ç†å‘˜\"],\"menuIds\":[\"2005,2106,2110,2105,2008,2108,2109,1,107,1035,1036,1037,1038,103,1016,1017,1018,1019,100,1000,1001,1002,1003,1004,1005,1006,101,1007,1008,1009,1010,1011,104,1020,1021,1022,1023,1024,102,1012,1013,1014,1015,105,1025,1026,1027,1028,1029,106,1030,1031,1032,1033,1034,108,500,1039,1040,1041,1042,501,1043,1044,1045,2,109,1046,1047,1048,110,1049,1050,1051,1052,1053,1054,1055,111,112,3\"]}',0,NULL,'2019-12-27 15:11:07'),(52,'è§’è‰²ç®¡ç†',2,'com.ruoyi.project.system.role.controller.RoleController.editSave()',1,'admin','æŠ€æœ¯ç›‘æµ‹å®¤','/system/role/edit','127.0.0.1','å†…ç½‘IP','{\"roleId\":[\"1\"],\"roleName\":[\"ç³»ç»Ÿç®¡ç†å‘˜\"],\"roleKey\":[\"admin\"],\"roleSort\":[\"1\"],\"status\":[\"0\"],\"remark\":[\"ç³»ç»Ÿç®¡ç†å‘˜\"],\"menuIds\":[\"2005,2106,2110,2105,2008,2108,2109,1,107,1035,1036,1037,1038,103,1016,1017,1018,1019,100,1000,1001,1002,1003,1004,1005,1006,101,1007,1008,1009,1010,1011,104,1020,1021,1022,1023,1024,102,1012,1013,1014,1015,105,1025,1026,1027,1028,1029,106,1030,1031,1032,1033,1034,108,500,1039,1040,1041,1042,501,1043,1044,1045,2,109,1046,1047,1048,110,1049,1050,1051,1052,1053,1054,1055,111,112\"]}',0,NULL,'2019-12-27 15:13:41'),(53,'è§’è‰²ç®¡ç†',2,'com.ruoyi.project.system.role.controller.RoleController.editSave()',1,'admin','æŠ€æœ¯ç›‘æµ‹å®¤','/system/role/edit','127.0.0.1','å†…ç½‘IP','{\"roleId\":[\"1\"],\"roleName\":[\"ç³»ç»Ÿç®¡ç†å‘˜\"],\"roleKey\":[\"admin\"],\"roleSort\":[\"1\"],\"status\":[\"0\"],\"remark\":[\"ç³»ç»Ÿç®¡ç†å‘˜\"],\"menuIds\":[\"2005,2106,2110,2105,2008,2108,2109,1,107,1035,1036,1037,1038,103,1016,1017,1018,1019,100,1000,1001,1002,1003,1004,1005,1006,101,1007,1008,1009,1010,1011,104,1020,1021,1022,1023,1024,102,1012,1013,1014,1015,105,1025,1026,1027,1028,1029,106,1030,1031,1032,1033,1034,108,500,1039,1040,1041,1042,501,1043,1044,1045,2,109,1046,1047,1048,110,1049,1050,1051,1052,1053,1054,1055,111,112,3,114,1056,1057\"]}',0,NULL,'2019-12-27 15:19:51'),(54,'ä»£ç ç”Ÿæˆ',8,'com.ruoyi.project.tool.gen.controller.GenController.batchGenCode()',1,'admin','æŠ€æœ¯ç›‘æµ‹å®¤','/tool/gen/batchGenCode','127.0.0.1','å†…ç½‘IP','{\"tables\":[\"t_record_data\"]}',0,NULL,'2019-12-27 15:21:38'),(55,'èœå•ç®¡ç†',2,'com.ruoyi.project.system.menu.controller.MenuController.editSave()',1,'admin','æŠ€æœ¯ç›‘æµ‹å®¤','/system/menu/edit','127.0.0.1','å†…ç½‘IP','{\"menuId\":[\"2105\"],\"parentId\":[\"2005\"],\"menuType\":[\"C\"],\"menuName\":[\"æ•°æ®ç®¡ç†\"],\"url\":[\"/lims/recordData\"],\"target\":[\"menuItem\"],\"perms\":[\"\"],\"orderNum\":[\"4\"],\"icon\":[\"#\"],\"visible\":[\"0\"]}',0,NULL,'2019-12-27 15:29:02'),(56,'èœå•ç®¡ç†',2,'com.ruoyi.project.system.menu.controller.MenuController.editSave()',1,'admin','æŠ€æœ¯ç›‘æµ‹å®¤','/system/menu/edit','127.0.0.1','å†…ç½‘IP','{\"menuId\":[\"2105\"],\"parentId\":[\"2005\"],\"menuType\":[\"C\"],\"menuName\":[\"æ•°æ®ç®¡ç†\"],\"url\":[\"/lims/recordData\"],\"target\":[\"menuItem\"],\"perms\":[\"lims:recordData:view\"],\"orderNum\":[\"4\"],\"icon\":[\"#\"],\"visible\":[\"0\"]}',0,NULL,'2019-12-27 15:29:25'),(57,'è§’è‰²ç®¡ç†',2,'com.ruoyi.project.system.role.controller.RoleController.editSave()',1,'admin','æŠ€æœ¯ç›‘æµ‹å®¤','/system/role/edit','127.0.0.1','å†…ç½‘IP','{\"roleId\":[\"1\"],\"roleName\":[\"ç³»ç»Ÿç®¡ç†å‘˜\"],\"roleKey\":[\"admin\"],\"roleSort\":[\"1\"],\"status\":[\"0\"],\"remark\":[\"ç³»ç»Ÿç®¡ç†å‘˜\"],\"menuIds\":[\"2005,2106,2110,2105,2112,2113,2114,2115,2008,2108,2109,1,107,1035,1036,1037,1038,103,1016,1017,1018,1019,100,1000,1001,1002,1003,1004,1005,1006,101,1007,1008,1009,1010,1011,104,1020,1021,1022,1023,1024,102,1012,1013,1014,1015,105,1025,1026,1027,1028,1029,106,1030,1031,1032,1033,1034,108,500,1039,1040,1041,1042,501,1043,1044,1045,2,109,1046,1047,1048,110,1049,1050,1051,1052,1053,1054,1055,111,112,3,114,1056,1057\"]}',0,NULL,'2019-12-27 15:30:39'),(58,'èœå•ç®¡ç†',1,'com.ruoyi.project.system.menu.controller.MenuController.addSave()',1,'admin','æŠ€æœ¯ç›‘æµ‹å®¤','/system/menu/add','127.0.0.1','å†…ç½‘IP','{\"parentId\":[\"2105\"],\"menuType\":[\"F\"],\"menuName\":[\"æ•°æ®å¯¼å…¥\"],\"url\":[\"\"],\"target\":[\"menuItem\"],\"perms\":[\"\"],\"orderNum\":[\"5\"],\"icon\":[\"\"],\"visible\":[\"0\"]}',0,NULL,'2019-12-27 15:55:39'),(59,'èœå•ç®¡ç†',2,'com.ruoyi.project.system.menu.controller.MenuController.editSave()',1,'admin','æŠ€æœ¯ç›‘æµ‹å®¤','/system/menu/edit','127.0.0.1','å†…ç½‘IP','{\"menuId\":[\"2116\"],\"parentId\":[\"2105\"],\"menuType\":[\"F\"],\"menuName\":[\"æ•°æ®å¯¼å…¥\"],\"url\":[\"#\"],\"target\":[\"menuItem\"],\"perms\":[\"lims:recordData:import\"],\"orderNum\":[\"5\"],\"icon\":[\"#\"],\"visible\":[\"0\"]}',0,NULL,'2019-12-27 15:56:05'),(60,'è§’è‰²ç®¡ç†',2,'com.ruoyi.project.system.role.controller.RoleController.editSave()',1,'admin','æŠ€æœ¯ç›‘æµ‹å®¤','/system/role/edit','127.0.0.1','å†…ç½‘IP','{\"roleId\":[\"1\"],\"roleName\":[\"ç³»ç»Ÿç®¡ç†å‘˜\"],\"roleKey\":[\"admin\"],\"roleSort\":[\"1\"],\"status\":[\"0\"],\"remark\":[\"ç³»ç»Ÿç®¡ç†å‘˜\"],\"menuIds\":[\"2005,2106,2110,2105,2112,2113,2114,2115,2116,2008,2108,2109,1,107,1035,1036,1037,1038,103,1016,1017,1018,1019,100,1000,1001,1002,1003,1004,1005,1006,101,1007,1008,1009,1010,1011,104,1020,1021,1022,1023,1024,102,1012,1013,1014,1015,105,1025,1026,1027,1028,1029,106,1030,1031,1032,1033,1034,108,500,1039,1040,1041,1042,501,1043,1044,1045,2,109,1046,1047,1048,110,1049,1050,1051,1052,1053,1054,1055,111,112,3,114,1056,1057\"]}',0,NULL,'2019-12-27 15:56:14'),(61,'ä»ªå™¨å¯¼å…¥',6,'com.ruoyi.project.lims.recordData.controller.RecordDataController.importData()',1,'admin','æŠ€æœ¯ç›‘æµ‹å®¤','/lims/recordData/importData','127.0.0.1','å†…ç½‘IP','{\"updateSupport\":[\"false\"]}',1,'å¾ˆæŠ±æ­‰ï¼ŒæˆåŠŸ0 æ¡è®°å½•,  å¯¼å…¥å¤±è´¥å…± 27 æ¡æ•°æ®æ ¼å¼ä¸æ­£ç¡®ï¼Œé”™è¯¯å¦‚ä¸‹ï¼š<br/>1ã€Days(Mon Jul 01 00:00:00 CST 20193) å¯¼å…¥å¤±è´¥ï¼š\r\n### Error updating database.  Cause: java.sql.SQLException: Field \'id\' doesn\'t have a default value\r\n### The error may involve com.ruoyi.project.lims.recordData.mapper.RecordDataMapper.insertRecordData-Inline\r\n### The error occurred while setting parameters\r\n### SQL: insert into t_record_data    ( days,    machine,    extruding_dryness,    centrifuge_speed,    screw_frequency,    water_temperature,    water_addition,    mixing_frequency,    liquid_beauty,    solid_content,    create_by,    create_time )           values ( ?,    ?,    ?,    ?,    ?,    ?,    ?,    ?,    ?,    ?,    ?,    ? )\r\n### Cause: java.sql.SQLException: Field \'id\' doesn\'t have a default value\n; Field \'id\' doesn\'t have a default value; nested exception is java.sql.SQLException: Field \'id\' doesn\'t have a default value<br/>2ã€Days(Mon Jul 01 00:00:00 CST 20192) å¯¼å…¥å¤±è´¥ï¼š\r\n### Error updating database.  Cause: java.sql.SQLException: Field \'id\' doesn\'t have a default value\r\n### The error may involve com.ruoyi.project.lims.recordData.mapper.RecordDataMapper.insertRecordData-Inline\r\n### The error occurred while setting parameters\r\n### SQL: insert into t_record_data    ( days,    machine,    extruding_dryness,    centrifuge_speed,    screw_frequency,    water_temperature,    water_addition,    mixing_frequency,    liquid_beauty,    solid_content,    create_by,    create_time )           values ( ?,    ?,    ?,    ?,    ?,    ?,    ?,    ?,    ?,    ?,    ?,    ? )\r\n### Cause: java.sql.SQLException: Field \'id\' doesn\'t have a default value\n; Field \'id\' doesn\'t have a default value; nested exception is java.sql.SQLException: Field \'id\' doesn\'t have a default value<br/>3ã€Days(Mon Jul 01 00:00:00 CST 20191) å¯¼å…¥å¤±è´¥ï¼š\r\n### Error updating database.  Cause: java.sql.SQLException: Field \'id\' doesn\'t have a default value\r\n### The error may involve com.ruoyi.project.lims.recordData.mapper.RecordDataMapper.insertRecordData-Inline\r\n### The','2019-12-27 16:16:29'),(62,'ä»ªå™¨å¯¼å…¥',6,'com.ruoyi.project.lims.recordData.controller.RecordDataController.importData()',1,'admin','æŠ€æœ¯ç›‘æµ‹å®¤','/lims/recordData/importData','127.0.0.1','å†…ç½‘IP','{\"updateSupport\":[\"false\"]}',0,NULL,'2019-12-27 16:16:57'),(63,'èœå•ç®¡ç†',2,'com.ruoyi.project.system.menu.controller.MenuController.editSave()',1,'admin','æŠ€æœ¯ç›‘æµ‹å®¤','/system/menu/edit','127.0.0.1','å†…ç½‘IP','{\"menuId\":[\"2005\"],\"parentId\":[\"0\"],\"menuType\":[\"M\"],\"menuName\":[\"å·¥ä½œå°\"],\"url\":[\"#\"],\"target\":[\"menuItem\"],\"perms\":[\"\"],\"orderNum\":[\"1\"],\"icon\":[\"fa fa-bank\"],\"visible\":[\"0\"]}',0,NULL,'2019-12-27 16:41:29'),(64,'èœå•ç®¡ç†',2,'com.ruoyi.project.system.menu.controller.MenuController.editSave()',1,'admin','æŠ€æœ¯ç›‘æµ‹å®¤','/system/menu/edit','127.0.0.1','å†…ç½‘IP','{\"menuId\":[\"2106\"],\"parentId\":[\"2005\"],\"menuType\":[\"C\"],\"menuName\":[\"æ•°æ®å±•ç¤º\"],\"url\":[\"/html/system_main\"],\"target\":[\"menuItem\"],\"perms\":[\"\"],\"orderNum\":[\"2\"],\"icon\":[\"#\"],\"visible\":[\"0\"]}',0,NULL,'2020-01-08 17:08:59'),(65,'èœå•ç®¡ç†',2,'com.ruoyi.project.system.menu.controller.MenuController.editSave()',1,'admin','æŠ€æœ¯ç›‘æµ‹å®¤','/system/menu/edit','127.0.0.1','å†…ç½‘IP','{\"menuId\":[\"2106\"],\"parentId\":[\"2005\"],\"menuType\":[\"C\"],\"menuName\":[\"å·¥è‰ºå¯è§†\"],\"url\":[\"/html/main\"],\"target\":[\"menuItem\"],\"perms\":[\"\"],\"orderNum\":[\"2\"],\"icon\":[\"#\"],\"visible\":[\"0\"]}',0,NULL,'2020-01-08 17:09:45'),(66,'èœå•ç®¡ç†',2,'com.ruoyi.project.system.menu.controller.MenuController.editSave()',1,'admin','æŠ€æœ¯ç›‘æµ‹å®¤','/system/menu/edit','127.0.0.1','å†…ç½‘IP','{\"menuId\":[\"2106\"],\"parentId\":[\"2005\"],\"menuType\":[\"C\"],\"menuName\":[\"å·¥è‰ºå¯è§†\"],\"url\":[\"/html/main\"],\"target\":[\"menuItem\"],\"perms\":[\"\"],\"orderNum\":[\"3\"],\"icon\":[\"#\"],\"visible\":[\"0\"]}',0,NULL,'2020-01-09 11:38:38'),(67,'èœå•ç®¡ç†',2,'com.ruoyi.project.system.menu.controller.MenuController.editSave()',1,'admin','æŠ€æœ¯ç›‘æµ‹å®¤','/system/menu/edit','127.0.0.1','å†…ç½‘IP','{\"menuId\":[\"2110\"],\"parentId\":[\"2005\"],\"menuType\":[\"C\"],\"menuName\":[\"æ•°æ®3D\"],\"url\":[\"/html/lims_data3dview\"],\"target\":[\"menuItem\"],\"perms\":[\"\"],\"orderNum\":[\"2\"],\"icon\":[\"#\"],\"visible\":[\"0\"]}',0,NULL,'2020-01-09 11:38:47'),(68,'èœå•ç®¡ç†',2,'com.ruoyi.project.system.menu.controller.MenuController.editSave()',1,'admin','æŠ€æœ¯ç›‘æµ‹å®¤','/system/menu/edit','127.0.0.1','å†…ç½‘IP','{\"menuId\":[\"2008\"],\"parentId\":[\"2005\"],\"menuType\":[\"C\"],\"menuName\":[\"æ¨¡å‹æŠ¥è¡¨\"],\"url\":[\"/html/lims_echart\"],\"target\":[\"menuItem\"],\"perms\":[\"\"],\"orderNum\":[\"3\"],\"icon\":[\"#\"],\"visible\":[\"0\"]}',0,NULL,'2020-01-09 11:39:03'),(69,'èœå•ç®¡ç†',2,'com.ruoyi.project.system.menu.controller.MenuController.editSave()',1,'admin','æŠ€æœ¯ç›‘æµ‹å®¤','/system/menu/edit','127.0.0.1','å†…ç½‘IP','{\"menuId\":[\"2008\"],\"parentId\":[\"2005\"],\"menuType\":[\"C\"],\"menuName\":[\"æ¨¡å‹æŠ¥è¡¨\"],\"url\":[\"/html/lims_echart\"],\"target\":[\"menuItem\"],\"perms\":[\"\"],\"orderNum\":[\"4\"],\"icon\":[\"#\"],\"visible\":[\"0\"]}',0,NULL,'2020-01-09 11:39:11'),(70,'èœå•ç®¡ç†',2,'com.ruoyi.project.system.menu.controller.MenuController.editSave()',1,'admin','æŠ€æœ¯ç›‘æµ‹å®¤','/system/menu/edit','127.0.0.1','å†…ç½‘IP','{\"menuId\":[\"2105\"],\"parentId\":[\"2005\"],\"menuType\":[\"C\"],\"menuName\":[\"æ•°æ®ç®¡ç†\"],\"url\":[\"/lims/recordData\"],\"target\":[\"menuItem\"],\"perms\":[\"lims:recordData:view\"],\"orderNum\":[\"5\"],\"icon\":[\"#\"],\"visible\":[\"0\"]}',0,NULL,'2020-01-09 11:39:20'),(71,'èœå•ç®¡ç†',2,'com.ruoyi.project.system.menu.controller.MenuController.editSave()',1,'admin','æŠ€æœ¯ç›‘æµ‹å®¤','/system/menu/edit','127.0.0.1','å†…ç½‘IP','{\"menuId\":[\"2109\"],\"parentId\":[\"2005\"],\"menuType\":[\"C\"],\"menuName\":[\"èƒ½åŠ›æŠ¥å‘Š\"],\"url\":[\"/html/lims_report\"],\"target\":[\"menuItem\"],\"perms\":[\"\"],\"orderNum\":[\"6\"],\"icon\":[\"#\"],\"visible\":[\"0\"]}',0,NULL,'2020-01-09 11:39:57'),(72,'èœå•ç®¡ç†',2,'com.ruoyi.project.system.menu.controller.MenuController.editSave()',1,'admin','æŠ€æœ¯ç›‘æµ‹å®¤','/system/menu/edit','127.0.0.1','å†…ç½‘IP','{\"menuId\":[\"2108\"],\"parentId\":[\"2005\"],\"menuType\":[\"C\"],\"menuName\":[\"æ¨¡å‹é…ç½®\"],\"url\":[\"/html/lims_config\"],\"target\":[\"menuItem\"],\"perms\":[\"\"],\"orderNum\":[\"7\"],\"icon\":[\"#\"],\"visible\":[\"0\"]}',0,NULL,'2020-01-09 11:40:04'),(73,'èœå•ç®¡ç†',3,'com.ruoyi.project.system.menu.controller.MenuController.remove()',1,'admin','æŠ€æœ¯ç›‘æµ‹å®¤','/system/menu/remove/2029','127.0.0.1','å†…ç½‘IP','{}',0,NULL,'2020-01-13 15:20:46'),(74,'ä»£ç ç”Ÿæˆ',8,'com.ruoyi.project.tool.gen.controller.GenController.genCode()',1,'admin','æŠ€æœ¯ç›‘æµ‹å®¤','/tool/gen/genCode/t_record_data','127.0.0.1','å†…ç½‘IP','{}',0,NULL,'2020-01-13 18:58:06'),(75,'å·¥åºæ•°æ®',2,'com.ruoyi.project.lims.recordData.controller.RecordDataController.editSave()',1,'admin','æŠ€æœ¯ç›‘æµ‹å®¤','/lims/recordData/edit','127.0.0.1','å†…ç½‘IP','{\"id\":[\"26\"],\"days\":[\"Tue Jul 09 00:00:00 CST 2019\"],\"machine\":[\"1\"],\"feedingTime\":[\"\"],\"waterAddition\":[\"6360\"],\"water1Temperature\":[\"82.0\"],\"water2Temperature\":[\"\"],\"extractTime\":[\"\"],\"centrifuge1Speed\":[\"35.0\"],\"centrifuge2Speed\":[\"\"],\"centrifuge3Speed\":[\"\"],\"centrifuge4Speed\":[\"\"],\"centrifuge1Current\":[\"\"],\"centrifuge2Current\":[\"\"],\"centrifuge3Current\":[\"\"],\"centrifuge4Current\":[\"\"],\"extrusionTime\":[\"\"],\"slagDischargeTime\":[\"\"],\"screw1Frequency\":[\"25\"],\"screw2Frequency\":[\"\"],\"screw3Frequency\":[\"\"],\"screw4Frequency\":[\"\"],\"screw5Frequency\":[\"\"],\"screw6Frequency\":[\"123\"],\"extruding1Dryness\":[\"32.98\"],\"extruding2Dryness\":[\"\"],\"liquidOutput\":[\"\"],\"mixingFrequency\":[\"187\"],\"liquidBeauty\":[\"7.0\"],\"solidContent\":[\"8.25\"],\"remark\":[\"\"]}',0,NULL,'2020-01-14 13:03:36'),(76,'å·¥åºæ•°æ®',2,'com.ruoyi.project.lims.recordData.controller.RecordDataController.editSave()',1,'admin','æŠ€æœ¯ç›‘æµ‹å®¤','/lims/recordData/edit','127.0.0.1','å†…ç½‘IP','{\"id\":[\"26\"],\"days\":[\"Tue Jul 09 00:00:00 CST 2019\"],\"machine\":[\"1\"],\"feedingTime\":[\"\"],\"waterAddition\":[\"6360\"],\"water1Temperature\":[\"82.0\"],\"water2Temperature\":[\"\"],\"extractTime\":[\"\"],\"centrifuge1Speed\":[\"35.0\"],\"centrifuge2Speed\":[\"\"],\"centrifuge3Speed\":[\"\"],\"centrifuge4Speed\":[\"\"],\"centrifuge1Current\":[\"\"],\"centrifuge2Current\":[\"\"],\"centrifuge3Current\":[\"\"],\"centrifuge4Current\":[\"\"],\"extrusionTime\":[\"\"],\"slagDischargeTime\":[\"\"],\"screw1Frequency\":[\"25\"],\"screw2Frequency\":[\"1\"],\"screw3Frequency\":[\"1\"],\"screw4Frequency\":[\"1\"],\"screw5Frequency\":[\"1\"],\"screw6Frequency\":[\"123\"],\"extruding1Dryness\":[\"32.98\"],\"extruding2Dryness\":[\"\"],\"mixingFrequency\":[\"187\"],\"liquid1Output\":[\"\"],\"liquid1Beauty\":[\"7.0\"],\"solid1Content\":[\"8.25\"],\"liquid2Output\":[\"\"],\"liquid2Beauty\":[\"\"],\"solid2Content\":[\"\"],\"remark\":[\"\"]}',0,NULL,'2020-01-14 14:37:16'),(77,'ä»ªå™¨å¯¼å…¥',6,'com.ruoyi.project.lims.recordData.controller.RecordDataController.importData()',1,'admin','æŠ€æœ¯ç›‘æµ‹å®¤','/lims/recordData/importData','127.0.0.1','å†…ç½‘IP','{\"updateSupport\":[\"false\"]}',0,NULL,'2020-01-14 16:05:07'),(78,'èœå•ç®¡ç†',2,'com.ruoyi.project.system.menu.controller.MenuController.editSave()',1,'admin','æŠ€æœ¯ç›‘æµ‹å®¤','/system/menu/edit','127.0.0.1','å†…ç½‘IP','{\"menuId\":[\"2008\"],\"parentId\":[\"2005\"],\"menuType\":[\"C\"],\"menuName\":[\"é¢„æµ‹ä¼˜åŒ–\"],\"url\":[\"/html/lims_echart\"],\"target\":[\"menuItem\"],\"perms\":[\"\"],\"orderNum\":[\"4\"],\"icon\":[\"#\"],\"visible\":[\"0\"]}',0,NULL,'2020-01-14 16:37:06'),(79,'èœå•ç®¡ç†',2,'com.ruoyi.project.system.menu.controller.MenuController.editSave()',1,'admin','æŠ€æœ¯ç›‘æµ‹å®¤','/system/menu/edit','127.0.0.1','å†…ç½‘IP','{\"menuId\":[\"2109\"],\"parentId\":[\"2005\"],\"menuType\":[\"C\"],\"menuName\":[\"æ•°æ®æŠ¥å‘Š\"],\"url\":[\"/html/lims_report\"],\"target\":[\"menuItem\"],\"perms\":[\"\"],\"orderNum\":[\"6\"],\"icon\":[\"#\"],\"visible\":[\"0\"]}',0,NULL,'2020-01-14 17:11:02'),(80,'èœå•ç®¡ç†',2,'com.ruoyi.project.system.menu.controller.MenuController.editSave()',1,'admin','æŠ€æœ¯ç›‘æµ‹å®¤','/system/menu/edit','127.0.0.1','å†…ç½‘IP','{\"menuId\":[\"2106\"],\"parentId\":[\"2005\"],\"menuType\":[\"C\"],\"menuName\":[\"å·¥è‰ºå¯è§†\"],\"url\":[\"/html/gy\"],\"target\":[\"menuItem\"],\"perms\":[\"\"],\"orderNum\":[\"3\"],\"icon\":[\"#\"],\"visible\":[\"0\"]}',0,NULL,'2020-01-14 17:38:09'),(81,'èœå•ç®¡ç†',2,'com.ruoyi.project.system.menu.controller.MenuController.editSave()',1,'admin','æŠ€æœ¯ç›‘æµ‹å®¤','/system/menu/edit','127.0.0.1','å†…ç½‘IP','{\"menuId\":[\"2106\"],\"parentId\":[\"2005\"],\"menuType\":[\"C\"],\"menuName\":[\"å·¥è‰ºå¯è§†\"],\"url\":[\"/html/lims_gy\"],\"target\":[\"menuItem\"],\"perms\":[\"\"],\"orderNum\":[\"3\"],\"icon\":[\"#\"],\"visible\":[\"0\"]}',0,NULL,'2020-01-14 17:39:27'),(82,'å·¥åºæ•°æ®',1,'com.ruoyi.project.lims.recordData.controller.RecordDataController.addSave()',1,'admin','æŠ€æœ¯ç›‘æµ‹å®¤','/lims/recordData/add','127.0.0.1','å†…ç½‘IP','{\"days\":[\"2020-01-16\"],\"machine\":[\"\"],\"feedingTime\":[\"\"],\"waterAddition\":[\"\"],\"water1Temperature\":[\"\"],\"water2Temperature\":[\"\"],\"extractTime\":[\"\"],\"centrifuge1Speed\":[\"\"],\"centrifuge2Speed\":[\"\"],\"centrifuge3Speed\":[\"\"],\"centrifuge4Speed\":[\"\"],\"centrifuge1Current\":[\"\"],\"centrifuge2Current\":[\"\"],\"centrifuge3Current\":[\"\"],\"centrifuge4Current\":[\"\"],\"extrusionTime\":[\"\"],\"slagDischargeTime\":[\"\"],\"screw1Frequency\":[\"\"],\"screw2Frequency\":[\"\"],\"screw3Frequency\":[\"\"],\"screw4Frequency\":[\"\"],\"screw5Frequency\":[\"\"],\"screw6Frequency\":[\"\"],\"extruding1Dryness\":[\"\"],\"extruding2Dryness\":[\"\"],\"mixingFrequency\":[\"\"],\"liquid1Output\":[\"\"],\"liquid1Beauty\":[\"\"],\"solid1Content\":[\"\"],\"liquid2Output\":[\"\"],\"liquid2Beauty\":[\"\"],\"solid2Content\":[\"\"],\"remark\":[\"\"]}',0,NULL,'2020-01-16 17:43:06'),(83,'å·¥åºæ•°æ®',1,'com.ruoyi.project.lims.recordData.controller.RecordDataController.addSave()',1,'admin','æŠ€æœ¯ç›‘æµ‹å®¤','/lims/recordData/add','127.0.0.1','å†…ç½‘IP','{\"days\":[\"2020-01-22\"],\"machine\":[\"q\"],\"feedingTime\":[\"1111\"],\"waterAddition\":[\"\"],\"water1Temperature\":[\"\"],\"water2Temperature\":[\"\"],\"extractTime\":[\"\"],\"centrifuge1Speed\":[\"\"],\"centrifuge2Speed\":[\"\"],\"centrifuge3Speed\":[\"\"],\"centrifuge4Speed\":[\"\"],\"centrifuge1Current\":[\"\"],\"centrifuge2Current\":[\"\"],\"centrifuge3Current\":[\"\"],\"centrifuge4Current\":[\"\"],\"extrusionTime\":[\"\"],\"slagDischargeTime\":[\"\"],\"screw1Frequency\":[\"\"],\"screw2Frequency\":[\"\"],\"screw3Frequency\":[\"\"],\"screw4Frequency\":[\"\"],\"screw5Frequency\":[\"\"],\"screw6Frequency\":[\"\"],\"extruding1Dryness\":[\"\"],\"extruding2Dryness\":[\"\"],\"mixingFrequency\":[\"\"],\"liquid1Output\":[\"\"],\"liquid1Beauty\":[\"\"],\"solid1Content\":[\"\"],\"liquid2Output\":[\"\"],\"liquid2Beauty\":[\"\"],\"solid2Content\":[\"\"],\"remark\":[\"\"]}',0,NULL,'2020-01-16 17:44:16'),(84,'å·¥åºæ•°æ®',1,'com.ruoyi.project.lims.recordData.controller.RecordDataController.addSave()',1,'admin','æŠ€æœ¯ç›‘æµ‹å®¤','/lims/recordData/add','127.0.0.1','å†…ç½‘IP','{\"days\":[\"2020-01-23\"],\"machine\":[\"\"],\"feedingTime\":[\"\"],\"waterAddition\":[\"\"],\"water1Temperature\":[\"\"],\"water2Temperature\":[\"\"],\"extractTime\":[\"\"],\"centrifuge1Speed\":[\"\"],\"centrifuge2Speed\":[\"\"],\"centrifuge3Speed\":[\"\"],\"centrifuge4Speed\":[\"\"],\"centrifuge1Current\":[\"\"],\"centrifuge2Current\":[\"\"],\"centrifuge3Current\":[\"\"],\"centrifuge4Current\":[\"\"],\"extrusionTime\":[\"\"],\"slagDischargeTime\":[\"\"],\"screw1Frequency\":[\"\"],\"screw2Frequency\":[\"\"],\"screw3Frequency\":[\"\"],\"screw4Frequency\":[\"\"],\"screw5Frequency\":[\"\"],\"screw6Frequency\":[\"\"],\"extruding1Dryness\":[\"\"],\"extruding2Dryness\":[\"\"],\"mixingFrequency\":[\"\"],\"liquid1Output\":[\"\"],\"liquid1Beauty\":[\"\"],\"solid1Content\":[\"\"],\"liquid2Output\":[\"\"],\"liquid2Beauty\":[\"\"],\"solid2Content\":[\"\"],\"remark\":[\"\"]}',0,NULL,'2020-01-16 17:48:18'),(85,'å·¥åºæ•°æ®',1,'com.ruoyi.project.lims.recordData.controller.RecordDataController.addSave()',1,'admin','æŠ€æœ¯ç›‘æµ‹å®¤','/lims/recordData/add','127.0.0.1','å†…ç½‘IP','{\"days\":[\"2020-01-29\"],\"machine\":[\"\"],\"feedingTime\":[\"\"],\"waterAddition\":[\"\"],\"water1Temperature\":[\"\"],\"water2Temperature\":[\"\"],\"extractTime\":[\"\"],\"centrifuge1Speed\":[\"\"],\"centrifuge2Speed\":[\"\"],\"centrifuge3Speed\":[\"\"],\"centrifuge4Speed\":[\"\"],\"centrifuge1Current\":[\"\"],\"centrifuge2Current\":[\"\"],\"centrifuge3Current\":[\"\"],\"centrifuge4Current\":[\"\"],\"extrusionTime\":[\"\"],\"slagDischargeTime\":[\"\"],\"screw1Frequency\":[\"\"],\"screw2Frequency\":[\"\"],\"screw3Frequency\":[\"\"],\"screw4Frequency\":[\"\"],\"screw5Frequency\":[\"\"],\"screw6Frequency\":[\"\"],\"extruding1Dryness\":[\"\"],\"extruding2Dryness\":[\"\"],\"mixingFrequency\":[\"\"],\"liquid1Output\":[\"\"],\"liquid1Beauty\":[\"\"],\"solid1Content\":[\"\"],\"liquid2Output\":[\"\"],\"liquid2Beauty\":[\"\"],\"solid2Content\":[\"\"],\"remark\":[\"\"]}',0,NULL,'2020-01-16 17:49:06'),(86,'èœå•ç®¡ç†',2,'com.ruoyi.project.system.menu.controller.MenuController.editSave()',1,'admin','æŠ€æœ¯ç›‘æµ‹å®¤','/system/menu/edit','127.0.0.1','å†…ç½‘IP','{\"menuId\":[\"2108\"],\"parentId\":[\"2005\"],\"menuType\":[\"C\"],\"menuName\":[\"æ¨¡å‹é…ç½®\"],\"url\":[\"/html/lims_recordData\"],\"target\":[\"menuItem\"],\"perms\":[\"\"],\"orderNum\":[\"7\"],\"icon\":[\"#\"],\"visible\":[\"0\"]}',0,NULL,'2020-01-17 11:49:22'),(87,'èœå•ç®¡ç†',2,'com.ruoyi.project.system.menu.controller.MenuController.editSave()',1,'admin','æŠ€æœ¯ç›‘æµ‹å®¤','/system/menu/edit','127.0.0.1','å†…ç½‘IP','{\"menuId\":[\"2108\"],\"parentId\":[\"2005\"],\"menuType\":[\"C\"],\"menuName\":[\"æ¨¡å‹é…ç½®\"],\"url\":[\"/html/lims_train\"],\"target\":[\"menuItem\"],\"perms\":[\"\"],\"orderNum\":[\"7\"],\"icon\":[\"#\"],\"visible\":[\"0\"]}',0,NULL,'2020-01-17 15:20:31'),(88,'èœå•ç®¡ç†',2,'com.ruoyi.project.system.menu.controller.MenuController.editSave()',1,'admin','æŠ€æœ¯ç›‘æµ‹å®¤','/system/menu/edit','127.0.0.1','å†…ç½‘IP','{\"menuId\":[\"2108\"],\"parentId\":[\"2005\"],\"menuType\":[\"C\"],\"menuName\":[\"æ¨¡å‹é…ç½®\"],\"url\":[\"/html/lims_trains\"],\"target\":[\"menuItem\"],\"perms\":[\"\"],\"orderNum\":[\"7\"],\"icon\":[\"#\"],\"visible\":[\"0\"]}',0,NULL,'2020-01-17 15:28:52'),(89,'èœå•ç®¡ç†',1,'com.ruoyi.project.system.menu.controller.MenuController.addSave()',1,'admin','æŠ€æœ¯ç›‘æµ‹å®¤','/system/menu/add','127.0.0.1','å†…ç½‘IP','{\"parentId\":[\"2005\"],\"menuType\":[\"C\"],\"menuName\":[\"æ•°æ®å¯è§†\"],\"url\":[\"/html/lims_echart\"],\"target\":[\"menuItem\"],\"perms\":[\"\"],\"orderNum\":[\"1\"],\"icon\":[\"\"],\"visible\":[\"0\"]}',0,NULL,'2020-03-19 20:18:27'),(90,'èœå•ç®¡ç†',2,'com.ruoyi.project.system.menu.controller.MenuController.editSave()',1,'admin','æŠ€æœ¯ç›‘æµ‹å®¤','/system/menu/edit','127.0.0.1','å†…ç½‘IP','{\"menuId\":[\"2117\"],\"parentId\":[\"2005\"],\"menuType\":[\"C\"],\"menuName\":[\"æ•°æ®å¯è§†\"],\"url\":[\"/html/lims_dataview\"],\"target\":[\"menuItem\"],\"perms\":[\"\"],\"orderNum\":[\"1\"],\"icon\":[\"#\"],\"visible\":[\"0\"]}',0,NULL,'2020-03-19 20:18:51'),(91,'è§’è‰²ç®¡ç†',2,'com.ruoyi.project.system.role.controller.RoleController.editSave()',1,'admin','æŠ€æœ¯ç›‘æµ‹å®¤','/system/role/edit','127.0.0.1','å†…ç½‘IP','{\"roleId\":[\"1\"],\"roleName\":[\"ç³»ç»Ÿç®¡ç†å‘˜\"],\"roleKey\":[\"admin\"],\"roleSort\":[\"1\"],\"status\":[\"0\"],\"remark\":[\"ç³»ç»Ÿç®¡ç†å‘˜\"],\"menuIds\":[\"2005,2117,2110,2106,2008,2105,2112,2113,2114,2115,2116,2109,2108,1,107,1035,1036,1037,1038,103,1016,1017,1018,1019,100,1000,1001,1002,1003,1004,1005,1006,101,1007,1008,1009,1010,1011,104,1020,1021,1022,1023,1024,102,1012,1013,1014,1015,105,1025,1026,1027,1028,1029,106,1030,1031,1032,1033,1034,108,500,1039,1040,1041,1042,501,1043,1044,1045,2,109,1046,1047,1048,110,1049,1050,1051,1052,1053,1054,1055,111,112,3,114,1056,1057\"]}',0,NULL,'2020-03-19 20:19:17'),(92,'èœå•ç®¡ç†',1,'com.ruoyi.project.system.menu.controller.MenuController.addSave()',1,'admin','æŠ€æœ¯ç›‘æµ‹å®¤','/system/menu/add','127.0.0.1','å†…ç½‘IP','{\"parentId\":[\"2106\"],\"menuType\":[\"C\"],\"menuName\":[\"gongyi1\"],\"url\":[\"\"],\"target\":[\"menuItem\"],\"perms\":[\"\"],\"orderNum\":[\"3\"],\"icon\":[\"\"],\"visible\":[\"0\"]}',0,NULL,'2020-03-19 21:09:21'),(93,'è§’è‰²ç®¡ç†',2,'com.ruoyi.project.system.role.controller.RoleController.editSave()',1,'admin','æŠ€æœ¯ç›‘æµ‹å®¤','/system/role/edit','127.0.0.1','å†…ç½‘IP','{\"roleId\":[\"1\"],\"roleName\":[\"ç³»ç»Ÿç®¡ç†å‘˜\"],\"roleKey\":[\"admin\"],\"roleSort\":[\"1\"],\"status\":[\"0\"],\"remark\":[\"ç³»ç»Ÿç®¡ç†å‘˜\"],\"menuIds\":[\"2005,2117,2110,2106,2008,2105,2112,2113,2114,2115,2116,2109,2108,2118,1,107,1035,1036,1037,1038,103,1016,1017,1018,1019,100,1000,1001,1002,1003,1004,1005,1006,101,1007,1008,1009,1010,1011,104,1020,1021,1022,1023,1024,102,1012,1013,1014,1015,105,1025,1026,1027,1028,1029,106,1030,1031,1032,1033,1034,108,500,1039,1040,1041,1042,501,1043,1044,1045,2,109,1046,1047,1048,110,1049,1050,1051,1052,1053,1054,1055,111,112,3,114,1056,1057\"]}',0,NULL,'2020-03-19 21:13:21'),(94,'èœå•ç®¡ç†',3,'com.ruoyi.project.system.menu.controller.MenuController.remove()',1,'admin','æŠ€æœ¯ç›‘æµ‹å®¤','/system/menu/remove/2118','127.0.0.1','å†…ç½‘IP','{}',0,NULL,'2020-03-19 21:37:41'),(95,'è§’è‰²ç®¡ç†',2,'com.ruoyi.project.system.role.controller.RoleController.editSave()',1,'admin','æŠ€æœ¯ç›‘æµ‹å®¤','/system/role/edit','127.0.0.1','å†…ç½‘IP','{\"roleId\":[\"1\"],\"roleName\":[\"ç³»ç»Ÿç®¡ç†å‘˜\"],\"roleKey\":[\"admin\"],\"roleSort\":[\"1\"],\"status\":[\"0\"],\"remark\":[\"ç³»ç»Ÿç®¡ç†å‘˜\"],\"menuIds\":[\"2005,2117,2110,2106,2008,2105,2112,2113,2114,2115,2116,2109,2108,1,107,1035,1036,1037,1038,103,1016,1017,1018,1019,100,1000,1001,1002,1003,1004,1005,1006,101,1007,1008,1009,1010,1011,104,1020,1021,1022,1023,1024,102,1012,1013,1014,1015,105,1025,1026,1027,1028,1029,106,1030,1031,1032,1033,1034,108,500,1039,1040,1041,1042,501,1043,1044,1045,2,109,1046,1047,1048,110,1049,1050,1051,1052,1053,1054,1055,111,112,3,114,1056,1057\"]}',0,NULL,'2020-03-19 21:37:50'),(96,'èœå•ç®¡ç†',3,'com.ruoyi.project.system.menu.controller.MenuController.remove()',1,'admin','æŠ€æœ¯ç›‘æµ‹å®¤','/system/menu/remove/2118','127.0.0.1','å†…ç½‘IP','{}',0,NULL,'2020-03-19 21:37:57'),(97,'èœå•ç®¡ç†',2,'com.ruoyi.project.system.menu.controller.MenuController.editSave()',1,'admin','æŠ€æœ¯ç›‘æµ‹å®¤','/system/menu/edit','127.0.0.1','å†…ç½‘IP','{\"menuId\":[\"2108\"],\"parentId\":[\"2005\"],\"menuType\":[\"C\"],\"menuName\":[\"æ¨¡å‹é…ç½®\"],\"url\":[\"/html/lims_trains\"],\"target\":[\"menuItem\"],\"perms\":[\"\"],\"orderNum\":[\"5\"],\"icon\":[\"#\"],\"visible\":[\"0\"]}',0,NULL,'2020-03-19 21:38:17'),(98,'èœå•ç®¡ç†',2,'com.ruoyi.project.system.menu.controller.MenuController.editSave()',1,'admin','æŠ€æœ¯ç›‘æµ‹å®¤','/system/menu/edit','127.0.0.1','å†…ç½‘IP','{\"menuId\":[\"2109\"],\"parentId\":[\"2005\"],\"menuType\":[\"C\"],\"menuName\":[\"æ•°æ®æŠ¥å‘Š\"],\"url\":[\"/html/lims_report\"],\"target\":[\"menuItem\"],\"perms\":[\"\"],\"orderNum\":[\"7\"],\"icon\":[\"#\"],\"visible\":[\"0\"]}',0,NULL,'2020-03-19 21:38:27'),(99,'èœå•ç®¡ç†',2,'com.ruoyi.project.system.menu.controller.MenuController.editSave()',1,'admin','æŠ€æœ¯ç›‘æµ‹å®¤','/system/menu/edit','127.0.0.1','å†…ç½‘IP','{\"menuId\":[\"2105\"],\"parentId\":[\"2005\"],\"menuType\":[\"C\"],\"menuName\":[\"æ•°æ®ç®¡ç†\"],\"url\":[\"/lims/recordData\"],\"target\":[\"menuItem\"],\"perms\":[\"lims:recordData:view\"],\"orderNum\":[\"6\"],\"icon\":[\"#\"],\"visible\":[\"0\"]}',0,NULL,'2020-03-19 21:38:38'),(100,'èœå•ç®¡ç†',2,'com.ruoyi.project.system.menu.controller.MenuController.editSave()',1,'admin','æŠ€æœ¯ç›‘æµ‹å®¤','/system/menu/edit','127.0.0.1','å†…ç½‘IP','{\"menuId\":[\"2106\"],\"parentId\":[\"2005\"],\"menuType\":[\"C\"],\"menuName\":[\"å·¥è‰ºå¯è§†\"],\"url\":[\"/html/lims_gy2\"],\"target\":[\"menuItem\"],\"perms\":[\"\"],\"orderNum\":[\"3\"],\"icon\":[\"#\"],\"visible\":[\"0\"]}',0,NULL,'2020-05-27 17:42:04'),(101,'èœå•ç®¡ç†',2,'com.ruoyi.project.system.menu.controller.MenuController.editSave()',1,'admin','æŠ€æœ¯ç›‘æµ‹å®¤','/system/menu/edit','127.0.0.1','å†…ç½‘IP','{\"menuId\":[\"2109\"],\"parentId\":[\"2005\"],\"menuType\":[\"C\"],\"menuName\":[\"æ•°æ®æŠ¥å‘Š\"],\"url\":[\"/html/lims_report1\"],\"target\":[\"menuItem\"],\"perms\":[\"\"],\"orderNum\":[\"7\"],\"icon\":[\"#\"],\"visible\":[\"0\"]}',0,NULL,'2020-05-28 20:25:27'),(102,'ä»£ç ç”Ÿæˆ',8,'com.ruoyi.project.tool.gen.controller.GenController.genCode()',1,'admin','æŠ€æœ¯ç›‘æµ‹å®¤','/tool/gen/genCode/t_produce','127.0.0.1','å†…ç½‘IP','{}',0,NULL,'2020-05-28 22:06:00'),(103,'ä»£ç ç”Ÿæˆ',8,'com.ruoyi.project.tool.gen.controller.GenController.genCode()',1,'admin','æŠ€æœ¯ç›‘æµ‹å®¤','/tool/gen/genCode/t_produce','127.0.0.1','å†…ç½‘IP','{}',0,NULL,'2020-05-28 22:06:01'),(104,'è§’è‰²ç®¡ç†',2,'com.ruoyi.project.system.role.controller.RoleController.editSave()',1,'admin','æŠ€æœ¯ç›‘æµ‹å®¤','/system/role/edit','127.0.0.1','å†…ç½‘IP','{\"roleId\":[\"1\"],\"roleName\":[\"ç³»ç»Ÿç®¡ç†å‘˜\"],\"roleKey\":[\"admin\"],\"roleSort\":[\"1\"],\"status\":[\"0\"],\"remark\":[\"ç³»ç»Ÿç®¡ç†å‘˜\"],\"menuIds\":[\"2005,2117,2118,2119,2120,2121,2122,2110,2106,2008,2108,2105,2112,2113,2114,2115,2116,2109,1,107,1035,1036,1037,1038,103,1016,1017,1018,1019,100,1000,1001,1002,1003,1004,1005,1006,101,1007,1008,1009,1010,1011,104,1020,1021,1022,1023,1024,102,1012,1013,1014,1015,105,1025,1026,1027,1028,1029,106,1030,1031,1032,1033,1034,108,500,1039,1040,1041,1042,501,1043,1044,1045,2,109,1046,1047,1048,110,1049,1050,1051,1052,1053,1054,1055,111,112,3,114,1056,1057\"]}',0,NULL,'2020-05-28 22:19:06'),(105,'èœå•ç®¡ç†',2,'com.ruoyi.project.system.menu.controller.MenuController.editSave()',1,'admin','æŠ€æœ¯ç›‘æµ‹å®¤','/system/menu/edit','127.0.0.1','å†…ç½‘IP','{\"menuId\":[\"2118\"],\"parentId\":[\"2005\"],\"menuType\":[\"C\"],\"menuName\":[\"ç”Ÿäº§çœ‹æ¿\"],\"url\":[\"/lims/produce\"],\"target\":[\"menuItem\"],\"perms\":[\"lims:produce:view\"],\"orderNum\":[\"1\"],\"icon\":[\"#\"],\"visible\":[\"1\"]}',0,NULL,'2020-05-29 11:24:49'),(106,'éƒ¨é—¨ç®¡ç†',1,'com.ruoyi.project.system.dept.controller.DeptController.addSave()',1,'admin','æŠ€æœ¯ç›‘æµ‹å®¤','/system/dept/add','127.0.0.1','å†…ç½‘IP','{\"parentId\":[\"100\"],\"deptName\":[\"éƒ¨é—¨ä¸€\"],\"orderNum\":[\"1\"],\"leader\":[\"\"],\"phone\":[\"\"],\"status\":[\"0\"]}',0,NULL,'2020-05-29 13:40:40'),(107,'éƒ¨é—¨ç®¡ç†',1,'com.ruoyi.project.system.dept.controller.DeptController.addSave()',1,'admin','æŠ€æœ¯ç›‘æµ‹å®¤','/system/dept/add','127.0.0.1','å†…ç½‘IP','{\"parentId\":[\"101\"],\"deptName\":[\"å­éƒ¨é—¨1\"],\"orderNum\":[\"1\"],\"leader\":[\"\"],\"phone\":[\"\"],\"status\":[\"0\"]}',0,NULL,'2020-05-29 13:40:52'),(108,'ä»£ç ç”Ÿæˆ',8,'com.ruoyi.project.tool.gen.controller.GenController.genCode()',1,'admin','æŠ€æœ¯ç›‘æµ‹å®¤','/tool/gen/genCode/t_newwork_model_data','127.0.0.1','å†…ç½‘IP','{}',0,NULL,'2021-08-23 10:00:04'),(109,'è§’è‰²ç®¡ç†',2,'com.ruoyi.project.system.role.controller.RoleController.authDataScopeSave()',1,'admin','æŠ€æœ¯ç›‘æµ‹å®¤','/system/role/authDataScope','127.0.0.1','å†…ç½‘IP','{\"roleId\":[\"1\"],\"roleName\":[\"ç³»ç»Ÿç®¡ç†å‘˜\"],\"roleKey\":[\"admin\"],\"dataScope\":[\"1\"],\"deptIds\":[\"\"]}',0,NULL,'2021-08-23 10:27:46'),(110,'è§’è‰²ç®¡ç†',2,'com.ruoyi.project.system.role.controller.RoleController.editSave()',1,'admin','æŠ€æœ¯ç›‘æµ‹å®¤','/system/role/edit','127.0.0.1','å†…ç½‘IP','{\"roleId\":[\"1\"],\"roleName\":[\"ç³»ç»Ÿç®¡ç†å‘˜\"],\"roleKey\":[\"admin\"],\"roleSort\":[\"1\"],\"status\":[\"0\"],\"remark\":[\"ç³»ç»Ÿç®¡ç†å‘˜\"],\"menuIds\":[\"2005,2117,2118,2119,2120,2121,2122,2110,2106,2008,2108,2105,2112,2113,2114,2115,2116,2109,2123,2124,2125,2126,2127,1,107,1035,1036,1037,1038,103,1016,1017,1018,1019,100,1000,1001,1002,1003,1004,1005,1006,101,1007,1008,1009,1010,1011,104,1020,1021,1022,1023,1024,102,1012,1013,1014,1015,105,1025,1026,1027,1028,1029,106,1030,1031,1032,1033,1034,108,500,1039,1040,1041,1042,501,1043,1044,1045,2,109,1046,1047,1048,110,1049,1050,1051,1052,1053,1054,1055,111,112,3,114,1056,1057\"]}',0,NULL,'2021-08-23 10:28:04'),(111,'è§’è‰²ç®¡ç†',2,'com.ruoyi.project.system.role.controller.RoleController.authDataScopeSave()',1,'admin','æŠ€æœ¯ç›‘æµ‹å®¤','/system/role/authDataScope','127.0.0.1','å†…ç½‘IP','{\"roleId\":[\"1\"],\"roleName\":[\"ç³»ç»Ÿç®¡ç†å‘˜\"],\"roleKey\":[\"admin\"],\"dataScope\":[\"4\"],\"deptIds\":[\"\"]}',0,NULL,'2021-08-23 10:28:13'),(112,'ä»£ç ç”Ÿæˆ',8,'com.ruoyi.project.tool.gen.controller.GenController.genCode()',1,'admin','æŠ€æœ¯ç›‘æµ‹å®¤','/tool/gen/genCode/t_newwork_model_data','127.0.0.1','å†…ç½‘IP','{}',0,NULL,'2021-08-23 11:41:39'),(113,'ç¥ç»ç½‘ç»œæ¨¡å‹æ•°æ®',1,'com.ruoyi.project.lims.newworkModelData.controller.NewworkModelDataController.addSave()',1,'admin','æŠ€æœ¯ç›‘æµ‹å®¤','/lims/newworkModelData/add','127.0.0.1','å†…ç½‘IP','{\"days\":[\"2021-08-27  02:08\"],\"water\":[\"1\"],\"electric\":[\"1\"],\"gas\":[\"1\"],\"yield\":[\"1\"],\"speed\":[\"1\"],\"temperature\":[\"1\"],\"humidity\":[\"1\"],\"oven\":[\"1\"],\"hotair\":[\"1\"],\"low\":[\"1\"],\"hight\":[\"1\"],\"centrifuge\":[\"1\"]}',0,NULL,'2021-08-23 14:16:03'),(114,'ç¥ç»ç½‘ç»œæ¨¡å‹æ•°æ®',3,'com.ruoyi.project.lims.newworkModelData.controller.NewworkModelDataController.remove()',1,'admin','æŠ€æœ¯ç›‘æµ‹å®¤','/lims/newworkModelData/remove','127.0.0.1','å†…ç½‘IP','{\"ids\":[\"2\"]}',0,NULL,'2021-08-23 14:16:43'),(115,'ç¥ç»ç½‘ç»œæ¨¡å‹æ•°æ®',1,'com.ruoyi.project.lims.newworkModelData.controller.NewworkModelDataController.addSave()',1,'admin','æŠ€æœ¯ç›‘æµ‹å®¤','/lims/newworkModelData/add','127.0.0.1','å†…ç½‘IP','{\"days\":[\"2021-08-23  02:08\"],\"water\":[\"1\"],\"electric\":[\"1\"],\"gas\":[\"1\"],\"yield\":[\"1\"],\"speed\":[\"1\"],\"temperature\":[\"1\"],\"humidity\":[\"1\"],\"oven\":[\"1\"],\"hotair\":[\"1\"],\"low\":[\"1\"],\"hight\":[\"1\"],\"centrifuge\":[\"1\"]}',0,NULL,'2021-08-23 14:31:26'),(116,'ç¥ç»ç½‘ç»œæ¨¡å‹æ•°æ®',1,'com.ruoyi.project.lims.newworkModelData.controller.NewworkModelDataController.addSave()',1,'admin','æŠ€æœ¯ç›‘æµ‹å®¤','/lims/newworkModelData/add','127.0.0.1','å†…ç½‘IP','{\"days\":[\"2021-08-24  02:08\"],\"water\":[\"2\"],\"electric\":[\"2\"],\"gas\":[\"2\"],\"yield\":[\"2\"],\"speed\":[\"2\"],\"temperature\":[\"2\"],\"humidity\":[\"2\"],\"oven\":[\"2\"],\"hotair\":[\"2\"],\"low\":[\"2\"],\"hight\":[\"2\"],\"centrifuge\":[\"2\"]}',0,NULL,'2021-08-23 14:34:33'),(117,'å·¥åºæ•°æ®',3,'com.ruoyi.project.lims.recordData.controller.RecordDataController.remove()',1,'admin','æŠ€æœ¯ç›‘æµ‹å®¤','/lims/recordData/remove','127.0.0.1','å†…ç½‘IP','{\"ids\":[\"41\"]}',0,NULL,'2021-08-23 14:38:24'),(118,'å·¥åºæ•°æ®',3,'com.ruoyi.project.lims.recordData.controller.RecordDataController.remove()',1,'admin','æŠ€æœ¯ç›‘æµ‹å®¤','/lims/recordData/remove','127.0.0.1','å†…ç½‘IP','{\"ids\":[\"40\"]}',0,NULL,'2021-08-23 14:39:41'),(119,'ç¥ç»ç½‘ç»œæ¨¡å‹æ•°æ®',2,'com.ruoyi.project.lims.newworkModelData.controller.NewworkModelDataController.editSave()',1,'admin','æŠ€æœ¯ç›‘æµ‹å®¤','/lims/newworkModelData/edit','127.0.0.1','å†…ç½‘IP','{\"id\":[\"1\"],\"days\":[\"Fri Jan 15 00:00:00 CST 2021\"],\"water\":[\"11161\"],\"electric\":[\"14937\"],\"gas\":[\"5615\"],\"yield\":[\"0.0\"],\"speed\":[\"0\"],\"temperature\":[\"10\"],\"humidity\":[\"48\"],\"oven\":[\"3453.0\"],\"hotair\":[\"1352.0\"],\"low\":[\"2256.0\"],\"hight\":[\"2532.0\"],\"centrifuge\":[\"35.0\"]}',0,NULL,'2021-08-23 14:59:58'),(120,'ç¥ç»ç½‘ç»œæ¨¡å‹æ•°æ®',2,'com.ruoyi.project.lims.newworkModelData.controller.NewworkModelDataController.editSave()',1,'admin','æŠ€æœ¯ç›‘æµ‹å®¤','/lims/newworkModelData/edit','127.0.0.1','å†…ç½‘IP','{\"id\":[\"1\"],\"days\":[\"Fri Jan 15 00:00:00 CST 2021\"],\"water\":[\"11162\"],\"electric\":[\"14937\"],\"gas\":[\"5615\"],\"yield\":[\"0.0\"],\"speed\":[\"0\"],\"temperature\":[\"10\"],\"humidity\":[\"48\"],\"oven\":[\"3453.0\"],\"hotair\":[\"1352.0\"],\"low\":[\"2256.0\"],\"hight\":[\"2532.0\"],\"centrifuge\":[\"35.0\"]}',0,NULL,'2021-08-23 15:00:09'),(121,'ç¥ç»ç½‘ç»œæ¨¡å‹æ•°æ®',2,'com.ruoyi.project.lims.newworkModelData.controller.NewworkModelDataController.editSave()',1,'admin','æŠ€æœ¯ç›‘æµ‹å®¤','/lims/newworkModelData/edit','127.0.0.1','å†…ç½‘IP','{\"id\":[\"1\"],\"days\":[\"2021-01-15 12:01\"],\"water\":[\"11162\"],\"electric\":[\"14937\"],\"gas\":[\"5615\"],\"yield\":[\"0.0\"],\"speed\":[\"0\"],\"temperature\":[\"10\"],\"humidity\":[\"48\"],\"oven\":[\"3453.0\"],\"hotair\":[\"1352.00\"],\"low\":[\"2256.0\"],\"hight\":[\"2532.0\"],\"centrifuge\":[\"35.0\"]}',0,NULL,'2021-08-23 15:28:41'),(122,'è§’è‰²ç®¡ç†',1,'com.ruoyi.project.system.role.controller.RoleController.addSave()',1,'admin','æŠ€æœ¯ç›‘æµ‹å®¤','/system/role/add','127.0.0.1','å†…ç½‘IP','{\"roleName\":[\"æ“ä½œäººå‘˜\"],\"roleKey\":[\"operate\"],\"roleSort\":[\"2\"],\"status\":[\"0\"],\"remark\":[\"\"],\"menuIds\":[\"2005,2123,2124,2125,2126,2127,1,103,1016,1017,1018,1019,100,1000,1001,1002,1003,1004,1005,1006,101,1007,1008,1009,1010,1011,104,1020,1021,1022,1023,1024,102,1012,1013,1014,1015,108,500,1039,1040,1041,1042,501,1043,1044,1045\"]}',0,NULL,'2021-08-28 16:00:39'),(123,'è§’è‰²ç®¡ç†',2,'com.ruoyi.project.system.role.controller.RoleController.authDataScopeSave()',1,'admin','æŠ€æœ¯ç›‘æµ‹å®¤','/system/role/authDataScope','127.0.0.1','å†…ç½‘IP','{\"roleId\":[\"1\"],\"roleName\":[\"ç³»ç»Ÿç®¡ç†å‘˜\"],\"roleKey\":[\"admin\"],\"dataScope\":[\"1\"],\"deptIds\":[\"\"]}',0,NULL,'2021-08-28 16:00:57'),(124,'ç”¨æˆ·ç®¡ç†',1,'com.ruoyi.project.system.user.controller.UserController.addSave()',1,'admin','æŠ€æœ¯ç›‘æµ‹å®¤','/system/user/add','127.0.0.1','å†…ç½‘IP','{\"deptId\":[\"101\"],\"userName\":[\"manager\"],\"deptName\":[\"éƒ¨é—¨ä¸€\"],\"phonenumber\":[\"1387100000\"],\"sex\":[\"0\"],\"loginName\":[\"user\"],\"password\":[\"user123\"],\"role\":[\"4\"],\"remark\":[\"\"],\"status\":[\"0\"],\"roleIds\":[\"4\"],\"postIds\":[\"\"]}',0,NULL,'2021-08-28 16:03:43'),(125,'ç”¨æˆ·ç®¡ç†',2,'com.ruoyi.project.system.user.controller.UserController.editSave()',1,'admin','æŠ€æœ¯ç›‘æµ‹å®¤','/system/user/edit','127.0.0.1','å†…ç½‘IP','{\"userId\":[\"3\"],\"deptId\":[\"101\"],\"userName\":[\"user\"],\"dept.deptName\":[\"éƒ¨é—¨ä¸€\"],\"phonenumber\":[\"1387100000\"],\"sex\":[\"0\"],\"loginName\":[\"user\"],\"role\":[\"4\"],\"remark\":[\"\"],\"status\":[\"0\"],\"roleIds\":[\"4\"],\"postIds\":[\"\"]}',0,NULL,'2021-08-28 16:04:14'),(126,'å‚æ•°ç®¡ç†',2,'com.ruoyi.project.system.config.controller.ConfigController.editSave()',1,'admin','æŠ€æœ¯ç›‘æµ‹å®¤','/system/config/edit','127.0.0.1','å†…ç½‘IP','{\"configId\":[\"1\"],\"configName\":[\"ä¸»æ¡†æ¶é¡µ-é»˜è®¤çš®è‚¤æ ·å¼åç§°\"],\"configKey\":[\"sys.index.skinName\"],\"configValue\":[\"skin-green\"],\"configType\":[\"Y\"],\"remark\":[\"è“è‰² skin-blueã€ç»¿è‰² skin-greenã€ç´«è‰² skin-purpleã€çº¢è‰² skin-redã€é»„è‰² skin-yellow\"]}',0,NULL,'2021-08-31 15:06:09'),(127,'èœå•ç®¡ç†',1,'com.ruoyi.project.system.menu.controller.MenuController.addSave()',1,'admin','æŠ€æœ¯ç›‘æµ‹å®¤','/system/menu/add','127.0.0.1','å†…ç½‘IP','{\"parentId\":[\"0\"],\"menuType\":[\"C\"],\"menuName\":[\"é¢„æµ‹ç®¡ç†\"],\"url\":[\"\"],\"target\":[\"menuItem\"],\"perms\":[\"\"],\"orderNum\":[\"9\"],\"icon\":[\"\"],\"visible\":[\"0\"]}',0,NULL,'2021-10-13 10:02:40'),(128,'èœå•ç®¡ç†',3,'com.ruoyi.project.system.menu.controller.MenuController.remove()',1,'admin','æŠ€æœ¯ç›‘æµ‹å®¤','/system/menu/remove/2128','127.0.0.1','å†…ç½‘IP','{}',0,NULL,'2021-10-13 10:03:07'),(129,'èœå•ç®¡ç†',1,'com.ruoyi.project.system.menu.controller.MenuController.addSave()',1,'admin','æŠ€æœ¯ç›‘æµ‹å®¤','/system/menu/add','127.0.0.1','å†…ç½‘IP','{\"parentId\":[\"2005\"],\"menuType\":[\"C\"],\"menuName\":[\"é¢„æµ‹ç®¡ç†\"],\"url\":[\"/html/lims_echart1\"],\"target\":[\"menuItem\"],\"perms\":[\"\"],\"orderNum\":[\"9\"],\"icon\":[\"\"],\"visible\":[\"0\"]}',0,NULL,'2021-10-13 10:04:45'),(130,'è§’è‰²ç®¡ç†',2,'com.ruoyi.project.system.role.controller.RoleController.editSave()',1,'admin','æŠ€æœ¯ç›‘æµ‹å®¤','/system/role/edit','127.0.0.1','å†…ç½‘IP','{\"roleId\":[\"1\"],\"roleName\":[\"ç³»ç»Ÿç®¡ç†å‘˜\"],\"roleKey\":[\"admin\"],\"roleSort\":[\"1\"],\"status\":[\"0\"],\"remark\":[\"ç³»ç»Ÿç®¡ç†å‘˜\"],\"menuIds\":[\"2005,2117,2118,2119,2120,2121,2122,2110,2106,2008,2108,2105,2112,2113,2114,2115,2116,2109,2123,2124,2125,2126,2127,2129,1,107,1035,1036,1037,1038,103,1016,1017,1018,1019,100,1000,1001,1002,1003,1004,1005,1006,101,1007,1008,1009,1010,1011,104,1020,1021,1022,1023,1024,102,1012,1013,1014,1015,105,1025,1026,1027,1028,1029,106,1030,1031,1032,1033,1034,108,500,1039,1040,1041,1042,501,1043,1044,1045,2,109,1046,1047,1048,110,1049,1050,1051,1052,1053,1054,1055,111,112,3,114,1056,1057\"]}',0,NULL,'2021-10-13 10:10:03'),(131,'è§’è‰²ç®¡ç†',2,'com.ruoyi.project.system.role.controller.RoleController.editSave()',1,'admin','æŠ€æœ¯ç›‘æµ‹å®¤','/system/role/edit','127.0.0.1','å†…ç½‘IP','{\"roleId\":[\"4\"],\"roleName\":[\"æ“ä½œäººå‘˜\"],\"roleKey\":[\"operate\"],\"roleSort\":[\"2\"],\"status\":[\"0\"],\"remark\":[\"\"],\"menuIds\":[\"2005,2123,2124,2125,2126,2127,2129,1,103,1016,1017,1018,1019,100,1000,1001,1002,1003,1004,1005,1006,101,1007,1008,1009,1010,1011,104,1020,1021,1022,1023,1024,102,1012,1013,1014,1015,108,500,1039,1040,1041,1042,501,1043,1044,1045\"]}',0,NULL,'2021-10-15 09:17:01'),(132,'è§’è‰²ç®¡ç†',2,'com.ruoyi.project.system.role.controller.RoleController.editSave()',1,'admin','æŠ€æœ¯ç›‘æµ‹å®¤','/system/role/edit','127.0.0.1','å†…ç½‘IP','{\"roleId\":[\"1\"],\"roleName\":[\"ç³»ç»Ÿç®¡ç†å‘˜\"],\"roleKey\":[\"admin\"],\"roleSort\":[\"1\"],\"status\":[\"0\"],\"remark\":[\"ç³»ç»Ÿç®¡ç†å‘˜\"],\"menuIds\":[\"2005,2117,2118,2119,2120,2121,2122,2110,2106,2008,2108,2105,2112,2113,2114,2115,2116,2109,2123,2124,2125,2126,2127,2129,1,107,1035,1036,1037,1038,103,1016,1017,1018,1019,100,1000,1001,1002,1003,1004,1005,1006,101,1007,1008,1009,1010,1011,104,1020,1021,1022,1023,1024,102,1012,1013,1014,1015,105,1025,1026,1027,1028,1029,106,1030,1031,1032,1033,1034,108,500,1039,1040,1041,1042,501,1043,1044,1045,2,109,1046,1047,1048,110,1049,1050,1051,1052,1053,1054,1055,111,112,3,113,114,1056,1057\"]}',0,NULL,'2021-10-15 13:59:17');

/*Table structure for table `sys_post` */

DROP TABLE IF EXISTS `sys_post`;

CREATE TABLE `sys_post` (
  `post_id` bigint(20) NOT NULL AUTO_INCREMENT COMMENT 'å²—ä½ID',
  `post_code` varchar(64) NOT NULL COMMENT 'å²—ä½ç¼–ç ',
  `post_name` varchar(50) NOT NULL COMMENT 'å²—ä½åç§°',
  `post_sort` int(4) NOT NULL COMMENT 'æ˜¾ç¤ºé¡ºåº',
  `status` char(1) NOT NULL COMMENT 'çŠ¶æ€ï¼ˆ0æ­£å¸¸ 1åœç”¨ï¼‰',
  `create_by` varchar(64) DEFAULT '' COMMENT 'åˆ›å»ºè€…',
  `create_time` datetime DEFAULT NULL COMMENT 'åˆ›å»ºæ—¶é—´',
  `update_by` varchar(64) DEFAULT '' COMMENT 'æ›´æ–°è€…',
  `update_time` datetime DEFAULT NULL COMMENT 'æ›´æ–°æ—¶é—´',
  `remark` varchar(500) DEFAULT NULL COMMENT 'å¤‡æ³¨',
  PRIMARY KEY (`post_id`) USING BTREE
) ENGINE=InnoDB AUTO_INCREMENT=2 DEFAULT CHARSET=utf8 ROW_FORMAT=COMPACT COMMENT='å²—ä½ä¿¡æ¯è¡¨';

/*Data for the table `sys_post` */

insert  into `sys_post`(`post_id`,`post_code`,`post_name`,`post_sort`,`status`,`create_by`,`create_time`,`update_by`,`update_time`,`remark`) values (1,'me','å·¥ç¨‹å¸ˆ',1,'0','sys','2019-08-07 18:56:50','sys','2019-08-07 18:56:50','');

/*Table structure for table `sys_role` */

DROP TABLE IF EXISTS `sys_role`;

CREATE TABLE `sys_role` (
  `role_id` bigint(20) NOT NULL AUTO_INCREMENT COMMENT 'è§’è‰²ID',
  `role_name` varchar(30) NOT NULL COMMENT 'è§’è‰²åç§°',
  `role_key` varchar(100) NOT NULL COMMENT 'è§’è‰²æƒé™å­—ç¬¦ä¸²',
  `role_sort` int(4) NOT NULL COMMENT 'æ˜¾ç¤ºé¡ºåº',
  `data_scope` char(1) DEFAULT '1' COMMENT 'æ•°æ®èŒƒå›´ï¼ˆ1ï¼šå…¨éƒ¨æ•°æ®æƒé™ 2ï¼šè‡ªå®šæ•°æ®æƒé™ï¼‰',
  `status` char(1) NOT NULL COMMENT 'è§’è‰²çŠ¶æ€ï¼ˆ0æ­£å¸¸ 1åœç”¨ï¼‰',
  `del_flag` char(1) DEFAULT '0' COMMENT 'åˆ é™¤æ ‡å¿—ï¼ˆ0ä»£è¡¨å­˜åœ¨ 2ä»£è¡¨åˆ é™¤ï¼‰',
  `create_by` varchar(64) DEFAULT '' COMMENT 'åˆ›å»ºè€…',
  `create_time` datetime DEFAULT NULL COMMENT 'åˆ›å»ºæ—¶é—´',
  `update_by` varchar(64) DEFAULT '' COMMENT 'æ›´æ–°è€…',
  `update_time` datetime DEFAULT NULL COMMENT 'æ›´æ–°æ—¶é—´',
  `remark` varchar(500) DEFAULT NULL COMMENT 'å¤‡æ³¨',
  PRIMARY KEY (`role_id`) USING BTREE
) ENGINE=InnoDB AUTO_INCREMENT=5 DEFAULT CHARSET=utf8 ROW_FORMAT=COMPACT COMMENT='è§’è‰²ä¿¡æ¯è¡¨';

/*Data for the table `sys_role` */

insert  into `sys_role`(`role_id`,`role_name`,`role_key`,`role_sort`,`data_scope`,`status`,`del_flag`,`create_by`,`create_time`,`update_by`,`update_time`,`remark`) values (1,'ç³»ç»Ÿç®¡ç†å‘˜','admin',1,'1','0','0','sys','2019-08-07 18:57:56','admin','2021-10-15 13:59:17','ç³»ç»Ÿç®¡ç†å‘˜'),(2,'å®éªŒå®¤ç®¡ç†å‘˜','manager',2,'4','0','0','sys','2019-08-07 18:57:56','sys','2019-08-07 18:57:56','å®éªŒå®¤ç®¡ç†å‘˜'),(3,'æ™®é€šç”¨æˆ·','cuser',3,'4','0','0','sys','2019-08-07 18:57:56','sys','2019-08-07 18:57:56','æ™®é€šç”¨æˆ·'),(4,'æ“ä½œäººå‘˜','operate',2,'1','0','0','admin','2021-08-28 16:00:38','admin','2021-10-15 09:17:01','');

/*Table structure for table `sys_role_dept` */

DROP TABLE IF EXISTS `sys_role_dept`;

CREATE TABLE `sys_role_dept` (
  `role_id` bigint(20) NOT NULL COMMENT 'è§’è‰²ID',
  `dept_id` bigint(20) NOT NULL COMMENT 'éƒ¨é—¨ID',
  PRIMARY KEY (`role_id`,`dept_id`) USING BTREE
) ENGINE=InnoDB DEFAULT CHARSET=utf8 ROW_FORMAT=COMPACT COMMENT='è§’è‰²å’Œéƒ¨é—¨å…³è”è¡¨';

/*Data for the table `sys_role_dept` */

/*Table structure for table `sys_role_menu` */

DROP TABLE IF EXISTS `sys_role_menu`;

CREATE TABLE `sys_role_menu` (
  `role_id` bigint(20) NOT NULL COMMENT 'è§’è‰²ID',
  `menu_id` bigint(20) NOT NULL COMMENT 'èœå•ID',
  PRIMARY KEY (`role_id`,`menu_id`) USING BTREE
) ENGINE=InnoDB DEFAULT CHARSET=utf8 ROW_FORMAT=COMPACT COMMENT='è§’è‰²å’Œèœå•å…³è”è¡¨';

/*Data for the table `sys_role_menu` */

insert  into `sys_role_menu`(`role_id`,`menu_id`) values (1,1),(1,2),(1,3),(1,100),(1,101),(1,102),(1,103),(1,104),(1,105),(1,106),(1,107),(1,108),(1,109),(1,110),(1,111),(1,112),(1,113),(1,114),(1,500),(1,501),(1,1000),(1,1001),(1,1002),(1,1003),(1,1004),(1,1005),(1,1006),(1,1007),(1,1008),(1,1009),(1,1010),(1,1011),(1,1012),(1,1013),(1,1014),(1,1015),(1,1016),(1,1017),(1,1018),(1,1019),(1,1020),(1,1021),(1,1022),(1,1023),(1,1024),(1,1025),(1,1026),(1,1027),(1,1028),(1,1029),(1,1030),(1,1031),(1,1032),(1,1033),(1,1034),(1,1035),(1,1036),(1,1037),(1,1038),(1,1039),(1,1040),(1,1041),(1,1042),(1,1043),(1,1044),(1,1045),(1,1046),(1,1047),(1,1048),(1,1049),(1,1050),(1,1051),(1,1052),(1,1053),(1,1054),(1,1055),(1,1056),(1,1057),(1,2005),(1,2008),(1,2105),(1,2106),(1,2108),(1,2109),(1,2110),(1,2112),(1,2113),(1,2114),(1,2115),(1,2116),(1,2117),(1,2118),(1,2119),(1,2120),(1,2121),(1,2122),(1,2123),(1,2124),(1,2125),(1,2126),(1,2127),(1,2129),(4,1),(4,100),(4,101),(4,102),(4,103),(4,104),(4,108),(4,500),(4,501),(4,1000),(4,1001),(4,1002),(4,1003),(4,1004),(4,1005),(4,1006),(4,1007),(4,1008),(4,1009),(4,1010),(4,1011),(4,1012),(4,1013),(4,1014),(4,1015),(4,1016),(4,1017),(4,1018),(4,1019),(4,1020),(4,1021),(4,1022),(4,1023),(4,1024),(4,1039),(4,1040),(4,1041),(4,1042),(4,1043),(4,1044),(4,1045),(4,2005),(4,2123),(4,2124),(4,2125),(4,2126),(4,2127),(4,2129);

/*Table structure for table `sys_user` */

DROP TABLE IF EXISTS `sys_user`;

CREATE TABLE `sys_user` (
  `user_id` bigint(20) NOT NULL AUTO_INCREMENT COMMENT 'ç”¨æˆ·ID',
  `dept_id` bigint(20) DEFAULT NULL COMMENT 'éƒ¨é—¨ID',
  `login_name` varchar(30) NOT NULL COMMENT 'ç™»å½•è´¦å·',
  `user_name` varchar(30) NOT NULL COMMENT 'ç”¨æˆ·æ˜µç§°',
  `user_type` varchar(2) DEFAULT '00' COMMENT 'ç”¨æˆ·ç±»å‹ï¼ˆ00ç³»ç»Ÿç”¨æˆ·ï¼‰',
  `email` varchar(50) DEFAULT '' COMMENT 'ç”¨æˆ·é‚®ç®±',
  `phonenumber` varchar(11) DEFAULT '' COMMENT 'æ‰‹æœºå·ç ',
  `sex` char(1) DEFAULT '0' COMMENT 'ç”¨æˆ·æ€§åˆ«ï¼ˆ0ç”· 1å¥³ 2æœªçŸ¥ï¼‰',
  `avatar` varchar(100) DEFAULT '' COMMENT 'å¤´åƒè·¯å¾„',
  `password` varchar(50) DEFAULT '' COMMENT 'å¯†ç ',
  `salt` varchar(20) DEFAULT '' COMMENT 'ç›åŠ å¯†',
  `status` char(1) DEFAULT '0' COMMENT 'å¸å·çŠ¶æ€ï¼ˆ0æ­£å¸¸ 1åœç”¨ï¼‰',
  `del_flag` char(1) DEFAULT '0' COMMENT 'åˆ é™¤æ ‡å¿—ï¼ˆ0ä»£è¡¨å­˜åœ¨ 2ä»£è¡¨åˆ é™¤ï¼‰',
  `login_ip` varchar(50) DEFAULT '' COMMENT 'æœ€åç™»é™†IP',
  `login_date` datetime DEFAULT NULL COMMENT 'æœ€åç™»é™†æ—¶é—´',
  `create_by` varchar(64) DEFAULT '' COMMENT 'åˆ›å»ºè€…',
  `create_time` datetime DEFAULT NULL COMMENT 'åˆ›å»ºæ—¶é—´',
  `update_by` varchar(64) DEFAULT '' COMMENT 'æ›´æ–°è€…',
  `update_time` datetime DEFAULT NULL COMMENT 'æ›´æ–°æ—¶é—´',
  `remark` varchar(500) DEFAULT '' COMMENT 'å¤‡æ³¨',
  PRIMARY KEY (`user_id`) USING BTREE
) ENGINE=InnoDB AUTO_INCREMENT=4 DEFAULT CHARSET=utf8 ROW_FORMAT=COMPACT COMMENT='ç”¨æˆ·ä¿¡æ¯è¡¨';

/*Data for the table `sys_user` */

insert  into `sys_user`(`user_id`,`dept_id`,`login_name`,`user_name`,`user_type`,`email`,`phonenumber`,`sex`,`avatar`,`password`,`salt`,`status`,`del_flag`,`login_ip`,`login_date`,`create_by`,`create_time`,`update_by`,`update_time`,`remark`) values (1,100,'sa','è‹¥ä¾','00','sa@lims.com','sa','1','','8215ad24cb965ad02b75822dc22f3f52','da294d','0','0','127.0.0.1','2020-01-09 11:01:17','sys','2019-08-07 19:00:08','sys','2020-01-09 11:01:17','è¶…çº§ç®¡ç†å‘˜'),(2,100,'admin','è‹¥ä¾','00','admin@lims.com','admin','1','','29c67a30398638269fe600f73a054934','111111','0','0','127.0.0.1','2021-11-15 15:40:40','sys','2019-08-07 19:00:08','sys','2021-11-15 15:40:40','è¶…çº§ç®¡ç†å‘˜'),(3,101,'user','user','00','user@lims.com','1387100000','0','','9a0e984960b9a71a7ede7ad6ac43aa0c','f015c0','0','0','127.0.0.1','2021-11-02 09:14:05','admin','2021-08-28 16:03:43','admin','2021-11-02 09:14:05','');

/*Table structure for table `sys_user_online` */

DROP TABLE IF EXISTS `sys_user_online`;

CREATE TABLE `sys_user_online` (
  `sessionId` varchar(50) NOT NULL DEFAULT '' COMMENT 'ç”¨æˆ·ä¼šè¯id',
  `login_name` varchar(50) DEFAULT '' COMMENT 'ç™»å½•è´¦å·',
  `dept_name` varchar(50) DEFAULT '' COMMENT 'éƒ¨é—¨åç§°',
  `ipaddr` varchar(50) DEFAULT '' COMMENT 'ç™»å½•IPåœ°å€',
  `login_location` varchar(255) DEFAULT '' COMMENT 'ç™»å½•åœ°ç‚¹',
  `browser` varchar(50) DEFAULT '' COMMENT 'æµè§ˆå™¨ç±»å‹',
  `os` varchar(50) DEFAULT '' COMMENT 'æ“ä½œç³»ç»Ÿ',
  `status` varchar(10) DEFAULT '' COMMENT 'åœ¨çº¿çŠ¶æ€on_lineåœ¨çº¿off_lineç¦»çº¿',
  `start_timestamp` datetime DEFAULT NULL COMMENT 'sessionåˆ›å»ºæ—¶é—´',
  `last_access_time` datetime DEFAULT NULL COMMENT 'sessionæœ€åè®¿é—®æ—¶é—´',
  `expire_time` int(5) DEFAULT '0' COMMENT 'è¶…æ—¶æ—¶é—´ï¼Œå•ä½ä¸ºåˆ†é’Ÿ',
  PRIMARY KEY (`sessionId`) USING BTREE
) ENGINE=InnoDB DEFAULT CHARSET=utf8 ROW_FORMAT=COMPACT COMMENT='åœ¨çº¿ç”¨æˆ·è®°å½•';

/*Data for the table `sys_user_online` */

insert  into `sys_user_online`(`sessionId`,`login_name`,`dept_name`,`ipaddr`,`login_location`,`browser`,`os`,`status`,`start_timestamp`,`last_access_time`,`expire_time`) values ('053f8650-03a9-465f-9a5f-fd7289c2011e','admin','æŠ€æœ¯ç›‘æµ‹å®¤','127.0.0.1','å†…ç½‘IP','Chrome 9','Windows 10','on_line','2021-09-03 17:29:17','2021-11-15 15:40:25',1800000),('09cd9ea8-2e76-4d3e-b0eb-4a677b98c960','admin','æŠ€æœ¯ç›‘æµ‹å®¤','127.0.0.1','å†…ç½‘IP','Chrome 9','Windows 10','on_line','2021-11-15 15:40:24','2021-11-15 15:40:40',1800000),('15aea820-dbaf-4c37-aa4c-b5acedf8098d','user','éƒ¨é—¨ä¸€','127.0.0.1','å†…ç½‘IP','Chrome 9','Windows 10','on_line','2021-10-28 12:04:41','2021-11-15 15:40:25',1800000),('1adeb74d-42f7-4a5e-b329-d6d1da5c84e4','admin','æŠ€æœ¯ç›‘æµ‹å®¤','127.0.0.1','å†…ç½‘IP','Chrome 9','Windows 10','on_line','2021-09-02 10:53:03','2021-11-15 15:40:25',1800000),('1c806146-75b8-483e-b25e-31b0aa8ab9d5','admin','æŠ€æœ¯ç›‘æµ‹å®¤','127.0.0.1','å†…ç½‘IP','Chrome 8','Windows 10','on_line','2020-11-03 20:12:30','2021-11-15 15:40:25',1800000),('1e818826-ec0b-4b66-8def-c55739434ed1','admin','æŠ€æœ¯ç›‘æµ‹å®¤','127.0.0.1','å†…ç½‘IP','Chrome 8','Windows 10','on_line','2020-11-03 17:47:28','2021-11-15 15:40:25',1800000),('1f6bae3e-75b5-4d67-8f4b-ca1be9168e95','admin','æŠ€æœ¯ç›‘æµ‹å®¤','127.0.0.1','å†…ç½‘IP','Chrome 9','Windows 10','on_line','2021-10-28 17:08:57','2021-11-15 15:40:26',1800000),('26ed6382-8463-4fee-80f7-f44ae160ed40','admin','æŠ€æœ¯ç›‘æµ‹å®¤','127.0.0.1','å†…ç½‘IP','Chrome 8','Windows 10','on_line','2020-11-13 22:06:53','2021-11-15 15:40:25',1800000),('2c04e3b3-54bb-4af8-b793-07e60a025544','admin','æŠ€æœ¯ç›‘æµ‹å®¤','127.0.0.1','å†…ç½‘IP','Chrome 9','Windows 10','on_line','2021-08-24 20:34:20','2021-11-15 15:40:25',1800000),('335ff592-41b1-46ab-98a8-682efa793aa4','admin','æŠ€æœ¯ç›‘æµ‹å®¤','127.0.0.1','å†…ç½‘IP','Chrome 8','Windows 10','on_line','2020-11-21 15:07:33','2021-11-15 15:40:25',1800000),('34d836ca-319e-404b-90c8-d7a8dff1e21a','admin','æŠ€æœ¯ç›‘æµ‹å®¤','127.0.0.1','å†…ç½‘IP','Chrome 9','Windows 10','on_line','2021-08-31 14:42:13','2021-11-15 15:40:26',1800000),('4280f61c-e23c-41a2-aef4-5e39b09cbbe9','admin','æŠ€æœ¯ç›‘æµ‹å®¤','127.0.0.1','å†…ç½‘IP','Chrome 9','Windows 10','on_line','2021-08-19 21:18:27','2021-11-15 15:40:26',1800000),('4dea73c6-1675-4629-a706-d88422fd0d0a','admin','æŠ€æœ¯ç›‘æµ‹å®¤','127.0.0.1','å†…ç½‘IP','Chrome 8','Windows 10','on_line','2020-11-03 20:08:29','2021-11-15 15:40:26',1800000),('5e5c656d-9d11-4f08-90eb-1660113a949d','admin','æŠ€æœ¯ç›‘æµ‹å®¤','127.0.0.1','å†…ç½‘IP','Chrome 9','Windows 10','on_line','2021-09-01 15:57:51','2021-11-15 15:40:26',1800000),('6da93072-5a69-4a95-be34-614fa64dc279','admin','æŠ€æœ¯ç›‘æµ‹å®¤','127.0.0.1','å†…ç½‘IP','Chrome 8','Windows 10','on_line','2020-11-20 22:36:12','2021-11-15 15:40:26',1800000),('7de13465-d1ee-494b-91e5-3124823c624c','admin','æŠ€æœ¯ç›‘æµ‹å®¤','127.0.0.1','å†…ç½‘IP','Chrome 9','Windows 10','on_line','2021-10-20 09:32:55','2021-11-15 15:40:26',1800000),('96a38cdf-818b-4861-816c-54208a6641aa','admin','æŠ€æœ¯ç›‘æµ‹å®¤','127.0.0.1','å†…ç½‘IP','Chrome 9','Windows 10','on_line','2021-09-14 10:58:44','2021-11-15 15:40:26',1800000),('a0e7c911-d4f2-4ea3-8018-bb8cc580ebd6','admin','æŠ€æœ¯ç›‘æµ‹å®¤','127.0.0.1','å†…ç½‘IP','Chrome 8','Windows 10','on_line','2020-11-20 22:31:33','2021-11-15 15:40:26',1800000),('addc7e45-0e3a-47cf-b6b6-2f50e11c915d','admin','æŠ€æœ¯ç›‘æµ‹å®¤','127.0.0.1','å†…ç½‘IP','Chrome 8','Windows 10','on_line','2020-11-20 22:24:45','2021-11-15 15:40:26',1800000),('b1ab60ec-1515-4c6c-a97e-54d3d5ce8eb8','admin','æŠ€æœ¯ç›‘æµ‹å®¤','127.0.0.1','å†…ç½‘IP','Chrome 9','Windows 10','on_line','2021-10-15 13:32:10','2021-11-15 15:40:26',1800000),('b276e00a-92b6-4ce1-bc64-a35e785fc68f','admin','æŠ€æœ¯ç›‘æµ‹å®¤','127.0.0.1','å†…ç½‘IP','Chrome 9','Windows 10','on_line','2021-08-31 15:14:03','2021-11-15 15:40:26',1800000),('bfb2698f-ea04-4df1-9b54-b6dd950a8e8d','admin','æŠ€æœ¯ç›‘æµ‹å®¤','127.0.0.1','å†…ç½‘IP','Chrome 9','Windows 10','on_line','2021-09-03 17:19:11','2021-11-15 15:40:26',1800000),('ca67bc34-ee27-4d73-a001-3687ed1d094b','user','éƒ¨é—¨ä¸€','127.0.0.1','å†…ç½‘IP','Chrome 9','Windows 10','on_line','2021-11-02 09:14:00','2021-11-15 15:40:26',1800000),('d5123b6a-f127-4dc0-8ee2-4429266cb4ca','admin','æŠ€æœ¯ç›‘æµ‹å®¤','127.0.0.1','å†…ç½‘IP','Chrome 9','Windows 10','on_line','2021-09-03 17:31:49','2021-11-15 15:40:26',1800000),('d9193aea-3d64-4465-a9c6-3e37d7946530','admin','æŠ€æœ¯ç›‘æµ‹å®¤','127.0.0.1','å†…ç½‘IP','Chrome 9','Windows 10','on_line','2021-09-01 21:26:02','2021-11-15 15:40:26',1800000),('dab810c2-c7f5-43f9-b6f9-22196550ed4e','admin','æŠ€æœ¯ç›‘æµ‹å®¤','127.0.0.1','å†…ç½‘IP','Chrome 9','Windows 10','on_line','2021-08-28 14:15:30','2021-11-15 15:40:26',1800000),('e25f4a84-f86e-49fa-82b1-3a6d02f27750','admin','æŠ€æœ¯ç›‘æµ‹å®¤','127.0.0.1','å†…ç½‘IP','Chrome 9','Windows 10','on_line','2021-09-03 17:09:16','2021-11-15 15:40:26',1800000),('efa3a3a3-c3f8-4bf8-b4d6-026efcc6f634','admin','æŠ€æœ¯ç›‘æµ‹å®¤','127.0.0.1','å†…ç½‘IP','Chrome 8','Windows 10','on_line','2020-11-20 21:37:37','2021-11-15 15:40:26',1800000);

/*Table structure for table `sys_user_post` */

DROP TABLE IF EXISTS `sys_user_post`;

CREATE TABLE `sys_user_post` (
  `user_id` bigint(20) NOT NULL COMMENT 'ç”¨æˆ·ID',
  `post_id` bigint(20) NOT NULL COMMENT 'å²—ä½ID',
  PRIMARY KEY (`user_id`,`post_id`) USING BTREE
) ENGINE=InnoDB DEFAULT CHARSET=utf8 ROW_FORMAT=COMPACT COMMENT='ç”¨æˆ·ä¸å²—ä½å…³è”è¡¨';

/*Data for the table `sys_user_post` */

/*Table structure for table `sys_user_role` */

DROP TABLE IF EXISTS `sys_user_role`;

CREATE TABLE `sys_user_role` (
  `user_id` bigint(20) NOT NULL COMMENT 'ç”¨æˆ·ID',
  `role_id` bigint(20) NOT NULL COMMENT 'è§’è‰²ID',
  PRIMARY KEY (`user_id`,`role_id`) USING BTREE
) ENGINE=InnoDB DEFAULT CHARSET=utf8 ROW_FORMAT=COMPACT COMMENT='ç”¨æˆ·å’Œè§’è‰²å…³è”è¡¨';

/*Data for the table `sys_user_role` */

insert  into `sys_user_role`(`user_id`,`role_id`) values (2,1),(3,4);

/*Table structure for table `t_newwork_model_data` */

DROP TABLE IF EXISTS `t_newwork_model_data`;

CREATE TABLE `t_newwork_model_data` (
  `id` int(20) NOT NULL AUTO_INCREMENT,
  `days` datetime DEFAULT NULL COMMENT 'æ•°æ®æ—¥æœŸ',
  `water` int(10) DEFAULT NULL COMMENT 'æ°´',
  `electric` int(10) DEFAULT NULL COMMENT 'ç”µ',
  `gas` int(10) DEFAULT NULL COMMENT 'æ°”',
  `yield` double(10,2) DEFAULT NULL COMMENT 'äº§é‡',
  `speed` int(10) DEFAULT NULL COMMENT 'è½¦é€Ÿ',
  `temperature` int(10) DEFAULT NULL COMMENT 'æ¸©åº¦',
  `humidity` int(10) DEFAULT NULL COMMENT 'æ¹¿åº¦',
  `oven` double(20,11) DEFAULT NULL COMMENT 'çƒ˜ç®±',
  `hotair` double(20,11) DEFAULT NULL COMMENT 'çƒ­é£æ±½ç½©',
  `low` double(20,11) DEFAULT NULL COMMENT 'ä½æµ“ç£¨',
  `hight` double(20,11) DEFAULT NULL COMMENT 'é«˜æµ“ç£¨',
  `centrifuge` double(20,11) DEFAULT NULL COMMENT 'ç¦»å¿ƒæœº',
  `create_by` varchar(20) DEFAULT NULL COMMENT 'åˆ›å»ºäºº',
  `create_time` datetime DEFAULT NULL COMMENT 'åˆ›å»ºæ—¶é—´',
  `remark` varchar(255) DEFAULT NULL COMMENT 'å¤‡æ³¨',
  `is_delete` int(1) DEFAULT NULL,
  PRIMARY KEY (`id`)
) ENGINE=InnoDB AUTO_INCREMENT=346 DEFAULT CHARSET=utf8mb4 COMMENT='ç¥ç»ç½‘ç»œæ¨¡å‹æ•°æ®';

/*Data for the table `t_newwork_model_data` */

insert  into `t_newwork_model_data`(`id`,`days`,`water`,`electric`,`gas`,`yield`,`speed`,`temperature`,`humidity`,`oven`,`hotair`,`low`,`hight`,`centrifuge`,`create_by`,`create_time`,`remark`,`is_delete`) values (216,'2021-01-15 00:00:00',1116,14937,5615,0.00,0,10,48,NULL,NULL,NULL,NULL,NULL,NULL,NULL,NULL,NULL),(217,'2021-01-16 00:00:00',561,20880,6242,0.00,0,8,45,NULL,NULL,NULL,NULL,NULL,NULL,NULL,NULL,NULL),(218,'2021-01-17 00:00:00',1108,26324,10515,4.50,50,8,43,NULL,NULL,NULL,NULL,NULL,NULL,NULL,NULL,NULL),(219,'2021-01-18 00:00:00',1231,30997,12453,13.14,75,9,49,NULL,NULL,NULL,NULL,NULL,NULL,NULL,NULL,NULL),(220,'2021-01-19 00:00:00',1290,26618,10499,10.08,75,9,48,NULL,NULL,NULL,NULL,NULL,NULL,NULL,NULL,NULL),(221,'2021-01-20 00:00:00',1400,36798,16089,25.02,82,10,47,NULL,NULL,NULL,NULL,NULL,NULL,NULL,NULL,NULL),(222,'2021-01-21 00:00:00',1314,38392,17998,22.68,87,11,48,NULL,NULL,NULL,NULL,NULL,NULL,NULL,NULL,NULL),(223,'2021-01-22 00:00:00',1365,37418,16277,24.30,88,12,47,NULL,NULL,NULL,NULL,NULL,NULL,NULL,NULL,NULL),(224,'2021-01-23 00:00:00',1301,31108,12162,15.12,76,12,45,NULL,NULL,NULL,NULL,NULL,NULL,NULL,NULL,NULL),(225,'2021-01-24 00:00:00',1268,38242,18685,28.62,97,13,37,NULL,NULL,NULL,NULL,NULL,NULL,NULL,NULL,NULL),(226,'2021-01-25 00:00:00',1368,38813,18622,23.76,94,13,46,NULL,NULL,NULL,NULL,NULL,NULL,NULL,NULL,NULL),(227,'2021-01-26 00:00:00',1310,37163,18517,21.24,99,9,48,NULL,NULL,NULL,NULL,NULL,NULL,NULL,NULL,NULL),(228,'2021-01-27 00:00:00',1318,36977,18938,26.46,98,14,45,NULL,NULL,NULL,NULL,NULL,NULL,NULL,NULL,NULL),(229,'2021-01-28 00:00:00',1324,26424,13023,14.94,97,15,43,NULL,NULL,NULL,NULL,NULL,NULL,NULL,NULL,NULL),(230,'2021-01-29 00:00:00',1327,30860,17441,27.36,89,11,49,NULL,NULL,NULL,NULL,NULL,NULL,NULL,NULL,NULL),(231,'2021-01-30 00:00:00',1353,22981,10990,7.74,32,9,48,NULL,NULL,NULL,NULL,NULL,NULL,NULL,NULL,NULL),(232,'2021-01-31 00:00:00',1339,30254,17946,26.82,102,8,47,NULL,NULL,NULL,NULL,NULL,NULL,NULL,NULL,NULL),(233,'2021-02-01 00:00:00',1343,33993,19145,32.40,103,12,53,NULL,NULL,NULL,NULL,NULL,NULL,NULL,NULL,NULL),(234,'2021-02-02 00:00:00',1336,32539,19084,28.08,104,13,55,NULL,NULL,NULL,NULL,NULL,NULL,NULL,NULL,NULL),(235,'2021-02-03 00:00:00',1329,32276,19421,30.42,101,11,57,NULL,NULL,NULL,NULL,NULL,NULL,NULL,NULL,NULL),(236,'2021-02-04 00:00:00',1276,33318,18113,29.16,102,10,56,NULL,NULL,NULL,NULL,NULL,NULL,NULL,NULL,NULL),(237,'2021-02-05 00:00:00',1258,29833,18562,26.82,103,10,58,NULL,NULL,NULL,NULL,NULL,NULL,NULL,NULL,NULL),(238,'2021-02-23 00:00:00',1395,24047,15049,8.82,52,14,55,NULL,NULL,NULL,NULL,NULL,NULL,NULL,NULL,NULL),(239,'2021-02-24 00:00:00',1347,30045,18737,24.66,88,11,47,NULL,NULL,NULL,NULL,NULL,NULL,NULL,NULL,NULL),(240,'2021-02-25 00:00:00',1453,31899,20313,27.18,104,11,56,NULL,NULL,NULL,NULL,NULL,NULL,NULL,NULL,NULL),(241,'2021-02-26 00:00:00',1243,32929,20814,29.70,102,12,58,NULL,NULL,NULL,NULL,NULL,NULL,NULL,NULL,NULL),(242,'2021-02-27 00:00:00',1416,32192,19759,29.34,103,13,55,NULL,NULL,NULL,NULL,NULL,NULL,NULL,NULL,NULL),(243,'2021-02-28 00:00:00',1354,32464,21725,29.52,103,11,53,NULL,NULL,NULL,NULL,NULL,NULL,NULL,NULL,NULL),(244,'2021-03-01 00:00:00',1353,31912,20053,27.90,105,12,53,NULL,NULL,NULL,NULL,NULL,NULL,NULL,NULL,NULL),(245,'2021-03-02 00:00:00',1414,32307,20275,29.88,107,13,55,NULL,NULL,NULL,NULL,NULL,NULL,NULL,NULL,NULL),(246,'2021-03-03 00:00:00',1416,32052,21703,30.42,108,11,57,NULL,NULL,NULL,NULL,NULL,NULL,NULL,NULL,NULL),(247,'2021-03-04 00:00:00',1263,26492,15490,20.70,106,10,56,NULL,NULL,NULL,NULL,NULL,NULL,NULL,NULL,NULL),(248,'2021-03-05 00:00:00',1396,32223,20692,32.40,107,9,58,NULL,NULL,NULL,NULL,NULL,NULL,NULL,NULL,NULL),(249,'2021-03-06 00:00:00',1396,32822,20390,32.04,107,8,55,NULL,NULL,NULL,NULL,NULL,NULL,NULL,NULL,NULL),(250,'2021-03-07 00:00:00',1268,31672,20483,29.16,109,9,53,NULL,NULL,NULL,NULL,NULL,NULL,NULL,NULL,NULL),(251,'2021-03-08 00:00:00',1379,28284,19371,21.96,107,9,59,NULL,NULL,NULL,NULL,NULL,NULL,NULL,NULL,NULL),(252,'2021-03-09 00:00:00',1438,32923,21885,32.04,107,8,58,NULL,NULL,NULL,NULL,NULL,NULL,NULL,NULL,NULL),(253,'2021-03-10 00:00:00',1423,30969,20932,31.50,107,7,56,NULL,NULL,NULL,NULL,NULL,NULL,NULL,NULL,NULL),(254,'2021-03-11 00:00:00',1335,32400,21676,31.14,107,7,53,NULL,NULL,NULL,NULL,NULL,NULL,NULL,NULL,NULL),(255,'2021-03-12 00:00:00',1404,31270,19693,27.72,103,5,55,NULL,NULL,NULL,NULL,NULL,NULL,NULL,NULL,NULL),(256,'2021-03-13 00:00:00',1299,32531,22027,30.60,102,7,57,NULL,NULL,NULL,NULL,NULL,NULL,NULL,NULL,NULL),(257,'2021-03-14 00:00:00',1375,33148,21364,32.04,105,6,56,NULL,NULL,NULL,NULL,NULL,NULL,NULL,NULL,NULL),(258,'2021-03-15 00:00:00',1352,32212,21438,31.32,107,6,58,NULL,NULL,NULL,NULL,NULL,NULL,NULL,NULL,NULL),(259,'2021-03-16 00:00:00',1331,32364,19379,30.06,107,8,55,NULL,NULL,NULL,NULL,NULL,NULL,NULL,NULL,NULL),(260,'2021-03-26 00:00:00',1343,9356,4041,0.00,58,14,58,NULL,NULL,NULL,NULL,NULL,NULL,NULL,NULL,NULL),(261,'2021-03-27 00:00:00',1669,23503,13323,6.12,95,11,55,NULL,NULL,NULL,NULL,NULL,NULL,NULL,NULL,NULL),(262,'2021-03-28 00:00:00',1630,32246,17985,27.72,102,11,53,NULL,NULL,NULL,NULL,NULL,NULL,NULL,NULL,NULL),(263,'2021-03-29 00:00:00',1624,30785,17426,28.08,96,11,49,NULL,NULL,NULL,NULL,NULL,NULL,NULL,NULL,NULL),(264,'2021-03-30 00:00:00',1647,32235,19599,32.76,107,9,48,NULL,NULL,NULL,NULL,NULL,NULL,NULL,NULL,NULL),(265,'2021-03-31 00:00:00',1507,32508,19553,33.84,107,8,47,NULL,NULL,NULL,NULL,NULL,NULL,NULL,NULL,NULL),(266,'2021-04-01 00:00:00',1637,26539,14143,18.54,105,12,53,NULL,NULL,NULL,NULL,NULL,NULL,NULL,NULL,NULL),(267,'2021-04-02 00:00:00',1631,32412,19979,33.12,106,13,55,NULL,NULL,NULL,NULL,NULL,NULL,NULL,NULL,NULL),(268,'2021-04-03 00:00:00',1576,32709,18691,31.86,107,11,57,NULL,NULL,NULL,NULL,NULL,NULL,NULL,NULL,NULL),(269,'2021-04-04 00:00:00',1565,32839,19187,31.50,107,10,56,NULL,NULL,NULL,NULL,NULL,NULL,NULL,NULL,NULL),(270,'2021-04-05 00:00:00',1552,32588,19173,31.32,108,9,58,NULL,NULL,NULL,NULL,NULL,NULL,NULL,NULL,NULL),(271,'2021-04-06 00:00:00',1627,33562,18993,30.24,109,8,55,NULL,NULL,NULL,NULL,NULL,NULL,NULL,NULL,NULL),(272,'2021-04-07 00:00:00',1501,18395,10223,10.62,61,9,53,NULL,NULL,NULL,NULL,NULL,NULL,NULL,NULL,NULL),(273,'2021-04-08 00:00:00',1632,32101,18321,26.64,101,9,59,NULL,NULL,NULL,NULL,NULL,NULL,NULL,NULL,NULL),(274,'2021-04-09 00:00:00',1598,31341,18988,29.52,105,8,58,NULL,NULL,NULL,NULL,NULL,NULL,NULL,NULL,NULL),(275,'2021-04-10 00:00:00',1638,32597,17873,30.96,104,7,56,NULL,NULL,NULL,NULL,NULL,NULL,NULL,NULL,NULL),(276,'2021-04-11 00:00:00',1555,32380,19644,30.96,108,7,53,NULL,NULL,NULL,NULL,NULL,NULL,NULL,NULL,NULL),(277,'2021-04-12 00:00:00',1629,33401,18188,27.18,108,5,55,NULL,NULL,NULL,NULL,NULL,NULL,NULL,NULL,NULL),(278,'2021-04-13 00:00:00',1629,32538,17589,31.14,107,7,57,NULL,NULL,NULL,NULL,NULL,NULL,NULL,NULL,NULL),(279,'2021-04-14 00:00:00',1587,32197,18705,31.32,107,6,56,NULL,NULL,NULL,NULL,NULL,NULL,NULL,NULL,NULL),(280,'2021-04-15 00:00:00',1634,29964,17321,27.00,105,6,58,NULL,NULL,NULL,NULL,NULL,NULL,NULL,NULL,NULL),(281,'2021-04-16 00:00:00',1613,32111,18121,30.06,105,8,55,NULL,NULL,NULL,NULL,NULL,NULL,NULL,NULL,NULL),(282,'2021-04-17 00:00:00',1639,30724,18299,31.14,107,8,53,NULL,NULL,NULL,NULL,NULL,NULL,NULL,NULL,NULL),(283,'2021-04-18 00:00:00',1582,32221,18263,28.62,108,9,59,NULL,NULL,NULL,NULL,NULL,NULL,NULL,NULL,NULL),(284,'2021-04-19 00:00:00',1670,31485,18560,32.04,109,8,58,NULL,NULL,NULL,NULL,NULL,NULL,NULL,NULL,NULL),(285,'2021-04-20 00:00:00',1521,29456,16592,23.40,108,10,57,NULL,NULL,NULL,NULL,NULL,NULL,NULL,NULL,NULL),(286,'2021-04-21 00:00:00',1631,30775,17873,29.34,107,12,58,NULL,NULL,NULL,NULL,NULL,NULL,NULL,NULL,NULL),(287,'2021-04-22 00:00:00',1588,31948,18650,30.06,107,14,57,NULL,NULL,NULL,NULL,NULL,NULL,NULL,NULL,NULL),(288,'2021-04-23 00:00:00',1604,31366,17466,31.14,109,16,55,NULL,NULL,NULL,NULL,NULL,NULL,NULL,NULL,NULL),(289,'2021-04-24 00:00:00',1572,28667,16492,25.38,109,18,47,NULL,NULL,NULL,NULL,NULL,NULL,NULL,NULL,NULL),(290,'2021-04-25 00:00:00',1559,31622,18794,34.02,110,15,56,NULL,NULL,NULL,NULL,NULL,NULL,NULL,NULL,NULL),(291,'2021-04-26 00:00:00',1579,31718,18484,30.78,108,14,58,NULL,NULL,NULL,NULL,NULL,NULL,NULL,NULL,NULL),(292,'2021-04-27 00:00:00',1597,32119,18064,31.50,108,11,55,NULL,NULL,NULL,NULL,NULL,NULL,NULL,NULL,NULL),(293,'2021-04-28 00:00:00',1631,32400,17266,31.50,108,11,53,NULL,NULL,NULL,NULL,NULL,NULL,NULL,NULL,NULL),(294,'2021-04-29 00:00:00',1576,28733,15461,27.18,110,11,49,NULL,NULL,NULL,NULL,NULL,NULL,NULL,NULL,NULL),(295,'2021-05-05 00:00:00',659,9732,5760,8.10,90,18,56,NULL,NULL,NULL,NULL,NULL,NULL,NULL,NULL,NULL),(296,'2021-05-06 00:00:00',1798,31442,18821,29.16,101,17,58,NULL,NULL,NULL,NULL,NULL,NULL,NULL,NULL,NULL),(297,'2021-05-07 00:00:00',1726,32526,18328,30.24,107,18,55,NULL,NULL,NULL,NULL,NULL,NULL,NULL,NULL,NULL),(298,'2021-05-08 00:00:00',1816,33785,18123,30.96,110,18,53,NULL,NULL,NULL,NULL,NULL,NULL,NULL,NULL,NULL),(299,'2021-05-09 00:00:00',1771,32870,18184,30.06,109,17,49,NULL,NULL,NULL,NULL,NULL,NULL,NULL,NULL,NULL),(300,'2021-05-10 00:00:00',1737,32557,19066,28.08,108,16,48,NULL,NULL,NULL,NULL,NULL,NULL,NULL,NULL,NULL),(301,'2021-05-11 00:00:00',1709,25239,14252,16.20,101,16,58,NULL,NULL,NULL,NULL,NULL,NULL,NULL,NULL,NULL),(302,'2021-05-12 00:00:00',1824,31614,19549,33.66,105,14,55,NULL,NULL,NULL,NULL,NULL,NULL,NULL,NULL,NULL),(303,'2021-05-13 00:00:00',1540,32839,18086,29.70,103,16,53,NULL,NULL,NULL,NULL,NULL,NULL,NULL,NULL,NULL),(304,'2021-05-14 00:00:00',1696,32376,17108,30.24,102,15,49,NULL,NULL,NULL,NULL,NULL,NULL,NULL,NULL,NULL),(305,'2021-05-15 00:00:00',1765,32967,18260,30.06,105,15,48,NULL,NULL,NULL,NULL,NULL,NULL,NULL,NULL,NULL),(306,'2021-05-16 00:00:00',1765,31474,17351,30.78,105,17,47,NULL,NULL,NULL,NULL,NULL,NULL,NULL,NULL,NULL),(307,'2021-05-17 00:00:00',1742,32147,18644,30.24,108,17,55,NULL,NULL,NULL,NULL,NULL,NULL,NULL,NULL,NULL),(308,'2021-05-18 00:00:00',1682,32992,17981,30.60,108,18,57,NULL,NULL,NULL,NULL,NULL,NULL,NULL,NULL,NULL),(309,'2021-05-19 00:00:00',1766,26609,14018,22.14,108,17,56,NULL,NULL,NULL,NULL,NULL,NULL,NULL,NULL,NULL),(310,'2021-05-20 00:00:00',1815,31804,18130,29.88,110,19,58,NULL,NULL,NULL,NULL,NULL,NULL,NULL,NULL,NULL),(311,'2021-05-21 00:00:00',1779,32751,17431,33.30,109,21,58,NULL,NULL,NULL,NULL,NULL,NULL,NULL,NULL,NULL),(312,'2021-05-22 00:00:00',1704,33197,18353,32.58,111,23,57,NULL,NULL,NULL,NULL,NULL,NULL,NULL,NULL,NULL),(313,'2021-05-23 00:00:00',1732,33292,19100,32.40,110,25,55,NULL,NULL,NULL,NULL,NULL,NULL,NULL,NULL,NULL),(314,'2021-05-24 00:00:00',1713,33262,18430,31.68,111,27,47,NULL,NULL,NULL,NULL,NULL,NULL,NULL,NULL,NULL),(315,'2021-05-25 00:00:00',1789,31836,18321,31.50,110,24,56,NULL,NULL,NULL,NULL,NULL,NULL,NULL,NULL,NULL),(316,'2021-05-26 00:00:00',1729,34084,19259,32.04,110,23,58,NULL,NULL,NULL,NULL,NULL,NULL,NULL,NULL,NULL),(317,'2021-05-27 00:00:00',1763,33859,18795,31.68,110,20,55,NULL,NULL,NULL,NULL,NULL,NULL,NULL,NULL,NULL),(318,'2021-05-28 00:00:00',1761,33102,18197,31.86,110,20,53,NULL,NULL,NULL,NULL,NULL,NULL,NULL,NULL,NULL),(319,'2021-05-29 00:00:00',1704,33466,18205,32.04,110,20,49,NULL,NULL,NULL,NULL,NULL,NULL,NULL,NULL,NULL),(320,'2021-05-30 00:00:00',1791,33716,17780,32.22,110,18,48,NULL,NULL,NULL,NULL,NULL,NULL,NULL,NULL,NULL),(321,'2021-05-31 00:00:00',1680,32949,17569,31.32,110,17,47,NULL,NULL,NULL,NULL,NULL,NULL,NULL,NULL,NULL),(322,'2021-06-01 00:00:00',1784,21454,10634,10.08,101,27,55,NULL,NULL,NULL,NULL,NULL,NULL,NULL,NULL,NULL),(323,'2021-06-02 00:00:00',1727,32306,16982,28.08,99,26,46,NULL,NULL,NULL,NULL,NULL,NULL,NULL,NULL,NULL),(324,'2021-06-03 00:00:00',1748,32709,17532,30.60,103,27,51,NULL,NULL,NULL,NULL,NULL,NULL,NULL,NULL,NULL),(325,'2021-06-04 00:00:00',1742,31709,18051,32.58,108,27,54,NULL,NULL,NULL,NULL,NULL,NULL,NULL,NULL,NULL),(326,'2021-06-05 00:00:00',1759,33366,17444,30.78,107,27,55,NULL,NULL,NULL,NULL,NULL,NULL,NULL,NULL,NULL),(327,'2021-06-06 00:00:00',1783,33889,17355,34.20,108,27,51,NULL,NULL,NULL,NULL,NULL,NULL,NULL,NULL,NULL),(328,'2021-06-07 00:00:00',1747,34184,17785,32.04,110,27,48,NULL,NULL,NULL,NULL,NULL,NULL,NULL,NULL,NULL),(329,'2021-06-08 00:00:00',1819,33623,16970,32.40,107,29,50,NULL,NULL,NULL,NULL,NULL,NULL,NULL,NULL,NULL),(330,'2021-06-09 00:00:00',1762,34466,16812,31.32,110,27,45,NULL,NULL,NULL,NULL,NULL,NULL,NULL,NULL,NULL),(331,'2021-06-10 00:00:00',2372,44053,22434,40.68,110,25,47,NULL,NULL,NULL,NULL,NULL,NULL,NULL,NULL,NULL),(332,'2021-06-11 00:00:00',1736,34772,17388,32.76,110,27,48,NULL,NULL,NULL,NULL,NULL,NULL,NULL,NULL,NULL),(333,'2021-06-12 00:00:00',1710,34160,17118,30.78,109,28,50,NULL,NULL,NULL,NULL,NULL,NULL,NULL,NULL,NULL),(334,'2021-06-13 00:00:00',1738,34202,17536,33.66,110,25,48,NULL,NULL,NULL,NULL,NULL,NULL,NULL,NULL,NULL),(335,'2021-06-14 00:00:00',1679,27600,12342,19.44,110,25,51,NULL,NULL,NULL,NULL,NULL,NULL,NULL,NULL,NULL),(336,'2021-06-15 00:00:00',1729,33288,17110,29.70,107,29,46,NULL,NULL,NULL,NULL,NULL,NULL,NULL,NULL,NULL),(337,'2021-06-16 00:00:00',1796,34262,17203,32.04,109,29,51,NULL,NULL,NULL,NULL,NULL,NULL,NULL,NULL,NULL),(338,'2021-06-17 00:00:00',1786,33229,17618,31.14,108,25,55,NULL,NULL,NULL,NULL,NULL,NULL,NULL,NULL,NULL),(339,'2021-06-18 00:00:00',1680,33798,17803,31.32,109,24,46,NULL,NULL,NULL,NULL,NULL,NULL,NULL,NULL,NULL),(340,'2021-06-19 00:00:00',1797,32978,18134,32.58,109,27,51,NULL,NULL,NULL,NULL,NULL,NULL,NULL,NULL,NULL),(341,'2021-06-20 00:00:00',1748,32941,16800,29.16,108,22,54,NULL,NULL,NULL,NULL,NULL,NULL,NULL,NULL,NULL),(342,'2021-06-21 00:00:00',1780,32363,17782,31.14,108,23,55,NULL,NULL,NULL,NULL,NULL,NULL,NULL,NULL,NULL),(343,'2021-06-22 00:00:00',1794,33316,17874,31.86,109,25,51,NULL,NULL,NULL,NULL,NULL,NULL,NULL,NULL,NULL),(344,'2021-06-23 00:00:00',1775,34115,18471,32.04,109,29,48,NULL,NULL,NULL,NULL,NULL,NULL,NULL,NULL,NULL),(345,'2021-06-24 00:00:00',1224,23967,12032,21.78,110,30,50,NULL,NULL,NULL,NULL,NULL,NULL,NULL,NULL,NULL);

/*Table structure for table `t_produce` */

DROP TABLE IF EXISTS `t_produce`;

CREATE TABLE `t_produce` (
  `id` int(10) NOT NULL AUTO_INCREMENT,
  `times` datetime DEFAULT NULL COMMENT 'æ—¶é—´',
  `banci` varchar(32) DEFAULT NULL COMMENT 'ç­æ¬¡',
  `name` varchar(32) DEFAULT NULL COMMENT 'äº§å“åç§°',
  `plan` int(10) DEFAULT NULL COMMENT 'è®¡åˆ’äº§é‡',
  `actual` float(10,2) DEFAULT NULL COMMENT 'å®é™…äº§é‡',
  `batchno` varchar(10) DEFAULT NULL COMMENT 'æ‰¹æ¬¡',
  `output` int(10) DEFAULT NULL COMMENT 'å‡ºæ¶²é‡',
  `solid` float(10,2) DEFAULT NULL COMMENT 'å›ºå«é‡',
  `beauty` float(10,2) DEFAULT NULL COMMENT 'æ³¢ç¾',
  `create_by` varchar(20) DEFAULT NULL,
  `create_time` datetime DEFAULT NULL,
  PRIMARY KEY (`id`) USING BTREE
) ENGINE=InnoDB AUTO_INCREMENT=51 DEFAULT CHARSET=utf8mb4 ROW_FORMAT=COMPACT COMMENT='ssssd';

/*Data for the table `t_produce` */

insert  into `t_produce`(`id`,`times`,`banci`,`name`,`plan`,`actual`,`batchno`,`output`,`solid`,`beauty`,`create_by`,`create_time`) values (29,'2020-05-28 13:10:00','ç”²','991',30,6.09,'5',505,NULL,NULL,NULL,NULL),(30,'2020-05-28 13:20:00','ç”²','991',30,6.30,'5',1005,NULL,NULL,NULL,NULL),(31,'2020-05-28 13:30:00','ç”²','991',30,6.51,'5',1505,NULL,NULL,NULL,NULL),(32,'2020-05-28 13:40:00','ç”²','991',30,6.72,'5',2005,NULL,NULL,NULL,NULL),(33,'2020-05-28 13:50:00','ç”²','991',30,6.93,'5',2505,NULL,NULL,NULL,NULL),(34,'2020-05-28 14:00:00','ç”²','991',30,7.14,'5',3005,NULL,NULL,NULL,NULL),(35,'2020-05-28 14:10:00','ç”²','991',30,7.35,'5',3505,8.31,6.50,NULL,NULL),(36,'2020-05-28 14:20:00','ç”²','991',30,7.56,'6',505,NULL,NULL,NULL,NULL),(37,'2020-05-28 14:30:00','ç”²','991',30,7.77,'6',1005,NULL,NULL,NULL,NULL),(38,'2020-05-28 14:40:00','ç”²','991',30,7.98,'6',1505,NULL,NULL,NULL,NULL),(39,'2020-05-28 14:50:00','ç”²','991',30,8.19,'6',2005,NULL,NULL,NULL,NULL),(40,'2020-05-28 15:00:00','ç”²','991',30,8.40,'6',2505,NULL,NULL,NULL,NULL),(41,'2020-05-28 15:10:00','ç”²','991',30,8.61,'6',3005,NULL,NULL,NULL,NULL),(42,'2020-05-28 15:20:00','ç”²','991',30,8.82,'6',3505,8.31,6.50,NULL,NULL),(43,'2020-05-28 15:30:00','ç”²','991',30,9.03,'7',505,NULL,NULL,NULL,NULL),(44,'2020-05-28 15:40:00','ç”²','991',30,9.24,'7',1005,NULL,NULL,NULL,NULL),(45,'2020-05-28 15:50:00','ç”²','991',30,9.45,'7',1505,NULL,NULL,NULL,NULL),(46,'2020-05-28 16:00:00','ç”²','991',30,9.66,'7',2005,NULL,NULL,NULL,NULL),(47,'2020-05-28 16:10:00','ç”²','991',30,9.87,'7',2505,NULL,NULL,NULL,NULL),(48,'2020-05-28 16:20:00','ç”²','991',30,10.08,'7',3005,NULL,NULL,NULL,NULL),(49,'2020-05-28 16:30:00','ç”²','991',30,10.29,'7',3505,8.31,6.50,NULL,NULL),(50,'2020-05-28 16:40:00','ç”²','991',30,10.50,'8',505,NULL,NULL,NULL,NULL);

/*Table structure for table `t_record_data` */

DROP TABLE IF EXISTS `t_record_data`;

CREATE TABLE `t_record_data` (
  `id` int(20) NOT NULL AUTO_INCREMENT,
  `days` datetime DEFAULT NULL COMMENT 'æ•°æ®æ—¥æœŸ',
  `machine` varchar(32) DEFAULT NULL COMMENT 'ç¦»å¿ƒæœºç¼–å·',
  `feeding_time` int(10) DEFAULT NULL COMMENT 'æŠ•æ–™æ—¶é—´',
  `water_addition` int(10) DEFAULT NULL COMMENT 'åŠ æ°´é‡',
  `water1_temperature` int(10) DEFAULT NULL COMMENT 'èƒ/æå–æ°´æ¸©',
  `water2_temperature` int(10) DEFAULT NULL COMMENT 'èƒ/æå–æ°´æ¸©',
  `extract_time` int(10) DEFAULT NULL COMMENT 'æå–æ—¶é—´',
  `centrifuge1_speed` double(10,2) DEFAULT NULL COMMENT 'ç¦»å¿ƒæœº1#è½¬é€Ÿ/é¢‘ç‡',
  `centrifuge2_speed` double(10,2) DEFAULT NULL COMMENT 'ç¦»å¿ƒæœº2#è½¬é€Ÿ/é¢‘ç‡',
  `centrifuge3_speed` double(10,2) DEFAULT NULL COMMENT 'ç¦»å¿ƒæœº3#è½¬é€Ÿ/é¢‘ç‡',
  `centrifuge4_speed` double(10,2) DEFAULT NULL COMMENT 'ç¦»å¿ƒæœº4#è½¬é€Ÿ/é¢‘ç‡',
  `centrifuge1_current` double(10,2) DEFAULT NULL COMMENT 'ç¦»å¿ƒæœº1#ç”µæµ',
  `centrifuge2_current` double(10,2) DEFAULT NULL COMMENT 'ç¦»å¿ƒæœº2#ç”µæµ',
  `centrifuge3_current` double(10,0) DEFAULT NULL COMMENT 'ç¦»å¿ƒæœº3#ç”µæµ',
  `centrifuge4_current` double(10,2) DEFAULT NULL COMMENT 'ç¦»å¿ƒæœº4#ç”µæµ',
  `extrusion_time` int(10) DEFAULT NULL COMMENT 'æŒ¤æµ†æ—¶é—´',
  `slag_discharge_time` int(10) DEFAULT NULL COMMENT 'æ’æ¸£æ—¶é—´',
  `screw1_frequency` int(10) DEFAULT NULL COMMENT 'èºæ†æ³µ1#é¢‘ç‡',
  `screw2_frequency` int(10) DEFAULT NULL COMMENT 'èºæ†æ³µ2#é¢‘ç‡',
  `screw3_frequency` int(10) DEFAULT NULL COMMENT 'èºæ†æ³µ3#é¢‘ç‡',
  `screw4_frequency` int(10) DEFAULT NULL COMMENT 'èºæ†æ³µ4#é¢‘ç‡',
  `screw5_frequency` int(10) DEFAULT NULL COMMENT 'èºæ†æ³µ5#é¢‘ç‡',
  `screw6_frequency` int(10) DEFAULT NULL COMMENT 'èºæ†æ³µ6#é¢‘ç‡',
  `extruding1_dryness` double(10,2) DEFAULT NULL COMMENT 'æŒ¤æµ†å¹²åº¦',
  `extruding2_dryness` double(10,2) DEFAULT NULL COMMENT 'æŒ¤æµ†å¹²åº¦',
  `mixing_frequency` int(10) DEFAULT NULL COMMENT 'æ…æ‹Œé¢‘ç‡',
  `liquid1_output` double(10,2) DEFAULT NULL COMMENT 'å¤´æ­¥æ¶²å‡ºæ¶²é‡',
  `liquid1_beauty` double(10,2) DEFAULT NULL COMMENT 'æå–æ¶²æ³¢ç¾',
  `solid1_content` double(10,2) DEFAULT NULL COMMENT 'å›ºå«é‡',
  `liquid2_output` int(10) DEFAULT NULL,
  `liquid2_beauty` double(10,2) DEFAULT NULL,
  `solid2_content` double(10,2) DEFAULT NULL,
  `create_by` varchar(20) DEFAULT NULL COMMENT 'åˆ›å»ºäºº',
  `create_time` datetime DEFAULT NULL COMMENT 'åˆ›å»ºæ—¶é—´',
  `remark` varchar(255) DEFAULT NULL COMMENT 'å¤‡æ³¨',
  `is_delete` int(1) DEFAULT NULL,
  PRIMARY KEY (`id`) USING BTREE
) ENGINE=InnoDB AUTO_INCREMENT=40 DEFAULT CHARSET=utf8mb4 ROW_FORMAT=COMPACT COMMENT='132423';

/*Data for the table `t_record_data` */

insert  into `t_record_data`(`id`,`days`,`machine`,`feeding_time`,`water_addition`,`water1_temperature`,`water2_temperature`,`extract_time`,`centrifuge1_speed`,`centrifuge2_speed`,`centrifuge3_speed`,`centrifuge4_speed`,`centrifuge1_current`,`centrifuge2_current`,`centrifuge3_current`,`centrifuge4_current`,`extrusion_time`,`slag_discharge_time`,`screw1_frequency`,`screw2_frequency`,`screw3_frequency`,`screw4_frequency`,`screw5_frequency`,`screw6_frequency`,`extruding1_dryness`,`extruding2_dryness`,`mixing_frequency`,`liquid1_output`,`liquid1_beauty`,`solid1_content`,`liquid2_output`,`liquid2_beauty`,`solid2_content`,`create_by`,`create_time`,`remark`,`is_delete`) values (1,'2019-07-01 00:00:00','3',NULL,6360,75,NULL,NULL,35.00,NULL,NULL,NULL,NULL,NULL,NULL,NULL,NULL,NULL,30,NULL,NULL,NULL,NULL,NULL,30.17,NULL,187,3650.00,6.00,5.36,NULL,NULL,NULL,'admin','2019-12-27 16:16:57',NULL,0),(2,'2019-07-01 00:00:00','2',NULL,6360,80,NULL,NULL,35.00,NULL,NULL,NULL,NULL,NULL,NULL,NULL,NULL,NULL,25,NULL,NULL,NULL,NULL,NULL,32.14,NULL,187,3650.00,7.00,8.32,NULL,NULL,NULL,'admin','2019-12-27 16:16:57',NULL,0),(3,'2019-07-01 00:00:00','1',NULL,6360,75,NULL,NULL,35.00,NULL,NULL,NULL,NULL,NULL,NULL,NULL,NULL,NULL,27,NULL,NULL,NULL,NULL,NULL,31.66,NULL,187,3650.00,6.50,7.18,NULL,NULL,NULL,'admin','2019-12-27 16:16:57',NULL,0),(4,'2019-07-02 00:00:00','3',NULL,6360,71,NULL,NULL,35.00,NULL,NULL,NULL,NULL,NULL,NULL,NULL,NULL,NULL,30,NULL,NULL,NULL,NULL,NULL,25.35,NULL,187,3650.00,6.00,5.17,NULL,NULL,NULL,'admin','2019-12-27 16:16:57',NULL,0),(5,'2019-07-02 00:00:00','1',NULL,6360,71,NULL,NULL,35.00,NULL,NULL,NULL,NULL,NULL,NULL,NULL,NULL,NULL,33,NULL,NULL,NULL,NULL,NULL,29.29,NULL,187,3650.00,5.50,5.66,NULL,NULL,NULL,'admin','2019-12-27 16:16:57',NULL,0),(6,'2019-07-02 00:00:00','2',NULL,6360,65,NULL,NULL,35.00,NULL,NULL,NULL,NULL,NULL,NULL,NULL,NULL,NULL,35,NULL,NULL,NULL,NULL,NULL,28.75,NULL,187,3650.00,4.50,4.78,NULL,NULL,NULL,'admin','2019-12-27 16:16:57',NULL,0),(7,'2019-07-03 00:00:00','1',NULL,6360,72,NULL,NULL,35.00,NULL,NULL,NULL,NULL,NULL,NULL,NULL,NULL,NULL,30,NULL,NULL,NULL,NULL,NULL,30.10,NULL,187,3650.00,5.50,5.81,NULL,NULL,NULL,'admin','2019-12-27 16:16:57',NULL,0),(8,'2019-07-03 00:00:00','3',NULL,6360,65,NULL,NULL,35.00,NULL,NULL,NULL,NULL,NULL,NULL,NULL,NULL,NULL,33,NULL,NULL,NULL,NULL,NULL,29.18,NULL,187,3650.00,5.50,6.21,NULL,NULL,NULL,'admin','2019-12-27 16:16:57',NULL,0),(9,'2019-07-03 00:00:00','2',NULL,6360,75,NULL,NULL,35.00,NULL,NULL,NULL,NULL,NULL,NULL,NULL,NULL,NULL,30,NULL,NULL,NULL,NULL,NULL,31.67,NULL,187,3650.00,6.50,7.23,NULL,NULL,NULL,'admin','2019-12-27 16:16:57',NULL,0),(10,'2019-07-04 00:00:00','3',NULL,6360,75,NULL,NULL,35.00,NULL,NULL,NULL,NULL,NULL,NULL,NULL,NULL,NULL,30,NULL,NULL,NULL,NULL,NULL,30.50,NULL,187,3650.00,6.00,6.31,NULL,NULL,NULL,'admin','2019-12-27 16:16:57',NULL,0),(11,'2019-07-04 00:00:00','2',NULL,6360,75,NULL,NULL,35.00,NULL,NULL,NULL,NULL,NULL,NULL,NULL,NULL,NULL,30,NULL,NULL,NULL,NULL,NULL,30.29,NULL,187,3650.00,6.00,6.16,NULL,NULL,NULL,'admin','2019-12-27 16:16:57',NULL,0),(12,'2019-07-04 00:00:00','1',NULL,6360,74,NULL,NULL,35.00,NULL,NULL,NULL,NULL,NULL,NULL,NULL,NULL,NULL,30,NULL,NULL,NULL,NULL,NULL,30.11,NULL,187,3650.00,5.50,5.98,NULL,NULL,NULL,'admin','2019-12-27 16:16:57',NULL,0),(13,'2019-07-05 00:00:00','3',NULL,6360,70,NULL,NULL,35.00,NULL,NULL,NULL,NULL,NULL,NULL,NULL,NULL,NULL,33,NULL,NULL,NULL,NULL,NULL,29.80,NULL,187,3650.00,5.50,5.65,NULL,NULL,NULL,'admin','2019-12-27 16:16:57',NULL,0),(14,'2019-07-05 00:00:00','2',NULL,6360,77,NULL,NULL,35.00,NULL,NULL,NULL,NULL,NULL,NULL,NULL,NULL,NULL,28,NULL,NULL,NULL,NULL,NULL,31.09,NULL,187,3650.00,6.00,6.67,NULL,NULL,NULL,'admin','2019-12-27 16:16:57',NULL,0),(15,'2019-07-05 00:00:00','1',NULL,6360,68,NULL,NULL,35.00,NULL,NULL,NULL,NULL,NULL,NULL,NULL,NULL,NULL,33,NULL,NULL,NULL,NULL,NULL,29.14,NULL,187,3650.00,5.50,5.88,NULL,NULL,NULL,'admin','2019-12-27 16:16:57',NULL,0),(16,'2019-07-06 00:00:00','3',NULL,6360,75,NULL,NULL,35.00,NULL,NULL,NULL,NULL,NULL,NULL,NULL,NULL,NULL,30,NULL,NULL,NULL,NULL,NULL,30.58,NULL,187,3650.00,6.00,6.75,NULL,NULL,NULL,'admin','2019-12-27 16:16:57',NULL,0),(17,'2019-07-06 00:00:00','2',NULL,6360,73,NULL,NULL,35.00,NULL,NULL,NULL,NULL,NULL,NULL,NULL,NULL,NULL,30,NULL,NULL,NULL,NULL,NULL,NULL,NULL,187,3650.00,5.50,5.89,NULL,NULL,NULL,'admin','2019-12-27 16:16:57',NULL,0),(18,'2019-07-06 00:00:00','1',NULL,6360,73,NULL,NULL,35.00,NULL,NULL,NULL,NULL,NULL,NULL,NULL,NULL,NULL,30,NULL,NULL,NULL,NULL,NULL,NULL,NULL,187,3650.00,5.50,5.76,NULL,NULL,NULL,'admin','2019-12-27 16:16:57',NULL,0),(19,'2019-07-07 00:00:00','1',NULL,6360,73,NULL,NULL,35.00,NULL,NULL,NULL,NULL,NULL,NULL,NULL,NULL,NULL,30,NULL,NULL,NULL,NULL,NULL,29.96,NULL,187,3650.00,5.50,5.52,NULL,NULL,NULL,'admin','2019-12-27 16:16:57',NULL,0),(20,'2019-07-07 00:00:00','3',NULL,6360,75,NULL,NULL,35.00,NULL,NULL,NULL,NULL,NULL,NULL,NULL,NULL,NULL,30,NULL,NULL,NULL,NULL,NULL,30.54,NULL,187,3650.00,6.00,6.21,NULL,NULL,NULL,'admin','2019-12-27 16:16:57',NULL,0),(21,'2020-05-27 17:10:00','é»˜è®¤',9,6360,74,NULL,NULL,35.00,NULL,NULL,NULL,NULL,NULL,NULL,NULL,NULL,NULL,30,NULL,NULL,NULL,NULL,NULL,30.18,NULL,187,3650.00,6.00,6.08,NULL,NULL,NULL,'admin','2019-12-27 16:16:57',NULL,0),(22,'2020-05-27 18:20:00','é»˜è®¤',8,6360,65,NULL,NULL,35.00,NULL,NULL,NULL,NULL,NULL,NULL,NULL,NULL,NULL,35,NULL,NULL,NULL,NULL,NULL,28.76,NULL,187,3650.00,4.50,4.59,NULL,NULL,NULL,'admin','2019-12-27 16:16:57',NULL,0),(23,'2020-05-27 19:30:00','é»˜è®¤',9,6360,80,NULL,NULL,35.00,NULL,NULL,NULL,NULL,NULL,NULL,NULL,NULL,NULL,25,NULL,NULL,NULL,NULL,NULL,32.54,NULL,187,3650.00,7.00,7.35,NULL,NULL,NULL,'admin','2019-12-27 16:16:57',NULL,0),(24,'2020-05-27 20:40:00','é»˜è®¤',9,6360,77,NULL,NULL,35.00,NULL,NULL,NULL,NULL,NULL,NULL,NULL,NULL,NULL,27,NULL,NULL,NULL,NULL,NULL,31.22,NULL,187,3650.00,6.50,7.17,NULL,NULL,NULL,'admin','2019-12-27 16:16:57',NULL,0),(25,'2020-05-27 21:50:00','é»˜è®¤',8,6360,75,NULL,NULL,35.00,NULL,NULL,NULL,NULL,NULL,NULL,NULL,NULL,NULL,30,NULL,NULL,NULL,NULL,NULL,30.87,NULL,187,3650.00,6.00,6.29,NULL,NULL,NULL,'admin','2019-12-27 16:16:57',NULL,0),(26,'2020-05-27 23:00:00','é»˜è®¤',6,6360,82,NULL,NULL,35.00,NULL,NULL,NULL,NULL,NULL,NULL,NULL,NULL,NULL,25,1,1,1,1,123,32.98,NULL,187,3650.00,7.00,8.25,NULL,NULL,NULL,'admin','2019-12-27 16:16:57','',0),(27,'2020-05-28 00:10:00','é»˜è®¤',9,0,80,77,80,35.00,NULL,35.00,38.00,NULL,NULL,NULL,NULL,NULL,NULL,32,NULL,NULL,NULL,NULL,NULL,29.78,NULL,187,3650.00,6.70,7.90,NULL,NULL,6.50,'admin','2019-12-27 16:16:57',NULL,0),(28,'2020-05-28 01:20:00','é»˜è®¤',7,500,70,72,60,NULL,35.34,NULL,37.60,NULL,35.00,NULL,38.00,53,51,NULL,50,NULL,NULL,35,NULL,31.22,31.97,187,3525.00,7.00,7.80,2200,6.40,6.40,'admin','2020-01-14 16:05:06',NULL,0),(29,'2020-05-28 02:30:00','é»˜è®¤',9,1000,73,80,90,NULL,NULL,35.00,38.00,NULL,NULL,35,38.00,41,46,NULL,NULL,50,NULL,NULL,30,28.81,32.10,187,3625.00,7.00,8.10,2200,6.50,6.50,'admin','2020-01-14 16:05:06',NULL,0),(30,'2020-05-28 03:40:00','é»˜è®¤',9,1500,85,85,90,35.00,NULL,NULL,38.00,35.00,NULL,NULL,38.00,42,41,40,NULL,NULL,40,NULL,NULL,32.31,32.76,187,3602.00,7.00,7.90,2200,6.40,6.60,'admin','2020-01-14 16:05:06',NULL,0),(31,'2020-05-28 04:50:00','é»˜è®¤',8,2000,90,91,49,NULL,35.00,NULL,38.00,NULL,35.00,NULL,38.00,48,49,NULL,50,NULL,NULL,35,NULL,30.75,30.86,187,3511.00,6.50,8.20,2200,6.60,6.40,'admin','2020-01-14 16:05:06',NULL,0),(32,'2020-05-28 06:00:00','é»˜è®¤',9,2500,90,90,66,NULL,NULL,35.00,38.00,NULL,NULL,35,38.00,50,42,NULL,NULL,50,NULL,NULL,30,26.96,27.92,187,3596.00,6.50,7.90,2200,6.40,6.50,'admin','2020-01-14 16:05:06',NULL,0),(33,'2020-05-28 07:10:00','é»˜è®¤',9,3000,88,92,55,35.00,NULL,NULL,38.00,35.00,NULL,NULL,38.00,41,42,40,NULL,NULL,40,NULL,NULL,31.01,31.01,187,3563.00,7.00,7.50,2200,6.30,6.60,'admin','2020-01-14 16:05:06',NULL,0),(34,'2020-05-28 08:20:00','é»˜è®¤',8,3500,89,90,40,NULL,35.00,NULL,38.00,NULL,35.00,NULL,38.00,45,47,NULL,50,NULL,NULL,35,NULL,32.47,32.11,187,3527.00,6.30,7.70,2200,6.50,6.70,'admin','2020-01-14 16:05:06',NULL,0),(35,'2020-05-28 09:30:00','é»˜è®¤',6,4000,85,72,60,NULL,35.34,NULL,37.60,NULL,35.00,NULL,38.00,53,51,NULL,50,NULL,NULL,35,NULL,31.22,31.97,187,3525.00,7.20,8.00,2200,6.40,3.30,'admin','2020-01-14 16:05:06',NULL,0),(36,'2020-05-28 10:40:00','é»˜è®¤',9,4500,86,80,99,NULL,NULL,35.00,38.00,NULL,NULL,35,38.00,41,46,NULL,NULL,50,NULL,NULL,30,28.81,32.10,187,3625.00,7.00,8.20,2200,6.30,3.40,'admin','2020-01-14 16:05:06',NULL,0),(37,'2020-05-28 11:50:00','é»˜è®¤',7,5000,85,85,90,35.00,NULL,NULL,38.00,35.00,NULL,NULL,38.00,42,41,40,NULL,NULL,40,NULL,NULL,32.31,32.76,187,3602.00,7.00,8.00,2200,6.50,3.30,'admin','2020-01-14 16:05:06',NULL,0),(38,'2020-05-28 13:00:00','é»˜è®¤',9,5500,90,91,60,NULL,35.00,NULL,38.00,NULL,35.00,NULL,38.00,48,49,NULL,50,NULL,NULL,35,NULL,30.75,30.86,187,3511.00,7.00,7.80,2200,6.40,3.40,'admin','2020-01-14 16:05:06',NULL,0),(39,'2020-05-28 14:10:00','é»˜è®¤',9,6000,90,90,66,NULL,NULL,35.00,38.00,NULL,NULL,35,38.00,55,42,NULL,NULL,50,NULL,NULL,30,30.96,30.92,187,3596.00,6.50,7.95,2200,6.60,3.50,'admin','2020-01-14 16:05:06',NULL,0);

/*Table structure for table `t_tubu_data` */

DROP TABLE IF EXISTS `t_tubu_data`;

CREATE TABLE `t_tubu_data` (
  `æ—¥æœŸ` varchar(255) DEFAULT NULL,
  `æ—¶é—´` time DEFAULT NULL,
  `åŸºç‰‡å®šé‡` double DEFAULT NULL,
  `æ°´åˆ†å‡å€¼` double DEFAULT NULL,
  `æ¶‚å¸ƒæ¶²æ¸©åº¦` double DEFAULT NULL,
  `æ¶‚å¸ƒæ¶²ç²˜åº¦` double DEFAULT NULL,
  `æ³¢ç¾åº¦` double DEFAULT NULL,
  `æ¶‚å¸ƒæ§½æ¶²ä½` double DEFAULT NULL,
  `è½¦é€Ÿ` double DEFAULT NULL,
  `ä¼ åŠ¨ä¾§` double DEFAULT NULL,
  `æ“ä½œä¾§` double DEFAULT NULL,
  `æ‰“æµ†åº¦` varchar(255) DEFAULT NULL,
  `æ¹¿é‡` varchar(255) DEFAULT NULL,
  `æ¶‚å¸ƒç‡` double DEFAULT NULL
) ENGINE=InnoDB DEFAULT CHARSET=utf8;

/*Data for the table `t_tubu_data` */

insert  into `t_tubu_data`(`æ—¥æœŸ`,`æ—¶é—´`,`åŸºç‰‡å®šé‡`,`æ°´åˆ†å‡å€¼`,`æ¶‚å¸ƒæ¶²æ¸©åº¦`,`æ¶‚å¸ƒæ¶²ç²˜åº¦`,`æ³¢ç¾åº¦`,`æ¶‚å¸ƒæ§½æ¶²ä½`,`è½¦é€Ÿ`,`ä¼ åŠ¨ä¾§`,`æ“ä½œä¾§`,`æ‰“æµ†åº¦`,`æ¹¿é‡`,`æ¶‚å¸ƒç‡`) values ('2021.5.8','18:30:00',63.7375,18.1125,49,11,26,3,110,0.16,0.15,NULL,NULL,35.925),('2021.5.8','20:00:00',64.0125,17.0125,50,11,26,3,112.4,0.16,0.15,NULL,NULL,35.3),('2021.5.8','21:20:00',66.125,21.275731,49,11,26,3,112.3,0.16,0.15,NULL,NULL,34.735422),('2021.5.10','01:00:00',63.35,21.05,49,12,25.5,2,106.4,0.15,0.15,NULL,NULL,34.8),('2021.5.10','03:20:00',63.5875,19.625,48,12,25.5,2,110,0.15,0.15,NULL,NULL,34.725),('2021.5.10','04:50:00',63.2125,19.175,48,12,26.5,3,110,0.15,0.15,NULL,NULL,36.425),('2021.5.11','01:00:00',62.7875,17.7,46,16,26.5,3,108,0.15,0.15,NULL,NULL,36.025),('2021.5.11','03:30:00',62.4125,20.6375,47,15,26.5,3,108,0.15,0.15,NULL,NULL,35.9),('2021.5.11','05:00:00',63.5375,22.1875,49,16,26.5,3,110,0.15,0.15,NULL,NULL,36.025),('2021.5.13','09:00:00',64.9875,22.075,62,8,25,2,106,0.15,0.15,NULL,NULL,34.3),('2021.5.13','11:30:00',66.5,20.75,62,8,25,2,106,0.15,0.15,NULL,NULL,33.1875),('2021.5.13','13:30:00',63.4,21.875,60,9,26.5,3,106,0.15,0.15,NULL,NULL,35.7375),('2021.5.14','09:30:00',63.4,17.2875,47,12,25.5,3,102,0.15,0.15,NULL,NULL,36.2875),('2021.5.14','11:30:00',63.2875,21.2375,48,12,25.5,3,105,0.15,0.15,NULL,NULL,34.825),('2021.5.14','15:00:00',63.825,17.025,48,12,25.5,3,103,0.15,0.15,NULL,NULL,34.975),('2021.5.15','17:00:00',64.025,22.6625,52,14,26.5,3,106,0.14,0.14,NULL,NULL,36.825),('2021.5.15','19:30:00',63.6375,21.5,50,14,26.5,2,102,0.15,0.15,NULL,NULL,34.625),('2021.5.15','21:40:00',63.6375,18.425,50,13,25.5,2,108,0.15,0.15,NULL,NULL,34.5875),('2021.5.15','23:00:00',62.65,17.9875,50,13,26.5,3,106,0.15,0.15,NULL,NULL,36.1625),('2021.5.16','17:30:00',63.1875,16.8625,45,11,26,2,105,0.15,0.15,NULL,NULL,36.4625),('2021.5.16','20:00:00',63.575,22.9125,45,12,26,3,104,0.15,0.15,NULL,NULL,36.375),('2021.5.16','22:00:00',66.4,17.575,45,12,26,3,105,0.15,0.15,NULL,NULL,35.1625),('2021.5.16','23:30:00',66.8625,20.15,45,13,26.5,3,107,0.14,0.14,NULL,NULL,35.65),('2021.5.18','01:00:00',63.325,17.5875,46,11,24,3,108,0.15,0.15,NULL,NULL,35.2625),('2021.5.18','03:20:00',63.375,17.55,46,11,24,3,108,0.15,0.15,NULL,NULL,35.275),('2021.5.18','05:45:00',63.55,19.325,43,10,26,3,109,0.15,0.15,NULL,NULL,36.4625),('2021.5.18','07:00:00',64.2375,20.4,43,10,26,3,109,0.15,0.15,NULL,NULL,35.4625),('2021.5.19','00:50:00',62.6125,21.9625,42,11,26,3.5,107,0.14,0.14,NULL,NULL,37.3625),('2021.5.19','04:00:00',63.875,24.1625,42,11,26,3,108,0.15,0.15,NULL,NULL,36.35),('2021.5.19','05:20:00',63.6875,18.2,42,11,25,3,109,0.15,0.15,NULL,NULL,36.175),('2021.5.21','09:00:00',62.8625,20.9375,43,9,26,3,106,0.15,0.15,'33','4.1',37.525),('2021.5.21','10:00:00',64,22.5375,43,9,26,2.5,105,0.15,0.15,'33','4.25',36.1625),('2021.5.21','12:00:00',62.65,23.2875,44,10,26,2.5,107,0.15,0.15,'36','3.87',35.3875),('2021.5.21','13:30:00',63.5875,21.05,44,10,26,2.5,106,0.15,0.15,'36','3.79',34.875),('2021.5.21','15:30:00',63.3875,23.375,44,10,26,3,106,0.15,0.15,'39','3.71',36.1),('2021.5.22','09:00:00',62.975,14.55,45,9,25,2,111,0.15,0.15,'32','3.9',35.15),('2021.5.22','10:00:00',64.5375,16.6,45,9,25,2,112,0.15,0.15,'32','3.82',34.6125),('2021.5.22','12:30:00',63.7375,14.725,45,9,25,2,112,0.15,0.15,'37','4.05',34.0875),('2021.5.23','16:50:00',61.55,18.7375,45,12,24.5,3,110,0.15,0.15,'30','4.67',37.6875),('2021.5.23','19:00:00',63.6,19.5875,45,12,24.5,3,111,0.15,0.15,'35','4.12',36.025),('2021.5.23','21:00:00',61.325,18.5625,43,13,26,3,112,0.15,0.15,'31','4.39',38.4),('2021.5.23','22:30:00',64.6875,20.175,43,13,26,3,112,0.15,0.15,'32.5','4.22',35.15),('2021.5.23','23:30:00',63.825,19.5,43,13,26,3,112,0.15,0.15,'31','4.54',36.1125),('2021.5.24','17:00:00',62.9875,19.6625,47,12,26,2,110,0.17,0.17,'26','4.5',33.8375),('2021.5.24','19:00:00',64.2125,17.875,46,12,26,2,111,0.17,0.17,'27','4.42',34.2375),('2021.5.24','21:30:00',63.7125,20.2,46,12,26,3,111,0.15,0.15,'28','4.37',35.8375),('2021.5.24','23:00:00',64.55,21.8375,46,12,26,3,111,0.15,0.15,'29','4.17',35.35),('2021.5.26','01:15:00',62.2375,18.2125,47,11,27,3,110,0.15,0.15,'28','4.5',37.7625),('2021.5.26','03:10:00',64.05,19.1375,47,11,27,3,110,0.15,0.15,'29','4.31',35.825),('2021.5.26','05:40:00',65.175,19.3,47,11,27,3,109,0.15,0.15,'34','4.25',34.875),('2021.5.27','01:10:00',63.7125,20.8875,45,8,24,3,110,0.15,0.15,'27','4.48',37.2375),('2021.5.27','03:00:00',61.775,21.2,45,10,24.5,3,112,0.15,0.15,'33','4.06',35.575),('2021.5.27','05:00:00',63.0625,21.875,45,9,24,3,110,0.15,0.15,'35','3.86',34.5375),('2021.5.29','09:20:00',64.025,19.8375,47,9,25.5,3,110,0.15,0.15,'27','4.4',36.825),('2021.5.29','11:40:00',63.6625,16.825,47,9,25.5,3,110,0.15,0.15,'31','4.2',35.3),('2021.5.29','13:00:00',63.6125,21.5375,47,10,26,3,112,0.15,0.15,'32','4.08',34.8875),('2021.5.29','15:50:00',64.025,20.525,NULL,NULL,NULL,3,111,0.14,0.14,'32','4.16',35.975),('2021.5.30','09:00:00',64.2,20.8625,48,14,25,3,112,0.15,0.15,'28','4.3',35.375),('2021.5.30','12:00:00',62.9375,17.8375,48,14,25,3,112,0.15,0.15,'33','3.85',34.5875),('2021.5.30','15:00:00',63.9,21.1,46,12,26.5,3,112,0.15,0.15,'32','3.98',36.1625),('2021.5.30','15:50:00',64.1,19.7875,46,12,26,3,110,0.15,0.15,'30','4.5',35.8875),('2021.5.31','17:40:00',63.9125,21.575,48,12,26,NULL,NULL,NULL,NULL,'28','4.72',36.6125),('2021.5.31','20:30:00',63.9625,19.025,48,11,26,3,108,0.15,0.15,'29','4.6',36.15),('2021.5.31','21:30:00',63.65,18.4,48,11,26,3,110,0.15,0.15,'31','4.38',35.6625),('2021.5.31','23:00:00',63.8375,25.0625,48,11,26,3,110,0.15,0.15,'27','4.9',36.8125),('2021.6.1','22:00:00',62.55,15.875,45,15,26,2,95,0.15,0.15,'31','3.3',34.675),('2021.6.3','01:30:00',64.05,20.8,47,13,26.5,3,100,0.15,0.15,'26','4.7',37.325),('2021.6.3','03:20:00',64.0625,20.35,47,13,26.5,3,100,0.15,0.15,'30','4.2',36),('2021.6.3','05:10:00',64.0375,22.9125,45,12,26.5,3,100,0.15,0.15,NULL,NULL,35.725),('2021.6.4','01:00:00',64.2125,18.675,40,12,26,3,105,0.15,0.15,'27','4.68',36.3125),('2021.6.4','03:20:00',63.4875,20.3125,42,12,26.5,3,105,0.15,0.15,'27','4.59',36.575),('2021.6.4','05:20:00',63.9,16.0625,41,12,26,3,105,0.15,0.15,'28','4.7',36.475),('2021.6.4','07:00:00',65.1125,24.425,45,10,26.5,NULL,NULL,NULL,NULL,'28','4.78',34.875),('2021.6.6','09:10:00',63.8375,15.2875,46,10,27,2,106,0.15,0.15,'26','5.12',37.125),('2021.6.6','12:25:00',64.425,15.2875,46,10,25,3,106,0.15,0.15,'33','4.22',34.5375),('2021.6.6','14:00:00',64.0625,16.1625,46,10,26,3,106,0.15,0.15,'27','4.65',35.6375),('2021.6.6','15:10:00',67.275,14.9125,46,10,26,3,106,0.15,0.15,'28','4.78',34.475),('2021.6.7','09:00:00',67.775,17.775,40,10,26,3,110,0.15,0.15,'27','4.82',33.9875),('2021.6.7','12:00:00',64.725,16.9375,40,10,26,3,110,0.14,0.14,'28','4.75',36.525),('2021.6.7','14:00:00',67.1375,14.65,40,10,26,3,110,0.14,0.14,'28','4.69',35.7875),('2021.6.7','16:00:00',66.95,16.1375,40,10,27,3,110,0.14,0.14,'28','4.61',36.4875),('2021.6.8','19:00:00',62.9,18.175,45,13,25,3,110,0.15,0.15,'33','4.28',35.425),('2021.6.8','21:00:00',62.4125,15.8,45,13,25,3,110,0.15,0.15,'33','4.2',34.6625),('2021.6.8','22:10:00',65.2375,17.8625,48,11,26,3,110,0.15,0.15,'31','4.49',35.1375),('2021.6.8','23:15:00',64.825,16.4375,NULL,NULL,NULL,3,110,0.15,0.15,'26','5.2',37.3875);

/*!40101 SET SQL_MODE=@OLD_SQL_MODE */;
/*!40014 SET FOREIGN_KEY_CHECKS=@OLD_FOREIGN_KEY_CHECKS */;
/*!40014 SET UNIQUE_CHECKS=@OLD_UNIQUE_CHECKS */;
/*!40111 SET SQL_NOTES=@OLD_SQL_NOTES */;
